日期,开盘,收盘,最高,最低,成交量,成交额,振幅,涨跌幅,涨跌额,换手率,股票代码
2023-01-03,0.599,0.6,0.602,0.596,9664957,578146000.94,1.0,0.0,0.0,4.3,159941
2023-01-04,0.597,0.597,0.6,0.595,9410315,561711681.5,0.83,-0.5,-0.003,4.19,159941
2023-01-05,0.598,0.599,0.6,0.596,8946662,534662622.484,0.67,0.34,0.002,3.98,159941
2023-01-06,0.594,0.595,0.598,0.594,7994690,476209186.424,0.67,-0.67,-0.004,3.56,159941
2023-01-09,0.601,0.604,0.605,0.599,7407285,446028699.446,1.01,1.51,0.009,3.3,159941
2023-01-10,0.603,0.602,0.604,0.601,4588891,276493029.2,0.5,-0.33,-0.002,2.04,159941
2023-01-11,0.606,0.607,0.609,0.604,6110130,370725636.115,0.83,0.83,0.005,2.72,159941
2023-01-12,0.615,0.618,0.618,0.614,7003360,431453732.694,0.66,1.81,0.011,3.12,159941
2023-01-13,0.618,0.613,0.618,0.612,6518298,400554787.3,0.97,-0.81,-0.005,2.9,159941
2023-01-16,0.615,0.614,0.616,0.612,7661541,470158363.368,0.65,0.16,0.001,3.41,159941
2023-01-17,0.614,0.616,0.617,0.613,4854411,298555376.138,0.65,0.33,0.002,2.16,159941
2023-01-18,0.616,0.619,0.622,0.614,7306526,451439475.0,1.3,0.49,0.003,3.25,159941
2023-01-19,0.612,0.61,0.613,0.61,5317694,325308954.8,0.48,-1.45,-0.009,2.37,159941
2023-01-20,0.608,0.615,0.615,0.606,6061381,369578435.9,1.48,0.82,0.005,2.7,159941
2023-01-30,0.635,0.635,0.639,0.634,11213218,714230896.876,0.81,3.25,0.02,4.99,159941
2023-01-31,0.627,0.624,0.63,0.624,4942154,309982828.45,0.94,-1.73,-0.011,2.2,159941
2023-02-01,0.632,0.634,0.636,0.631,6206137,392983939.264,0.8,1.6,0.01,2.76,159941
2023-02-02,0.647,0.649,0.651,0.646,9740602,631333544.495,0.79,2.37,0.015,4.34,159941
2023-02-03,0.658,0.656,0.659,0.655,9451204,620967257.496,0.62,1.08,0.007,4.21,159941
2023-02-06,0.657,0.654,0.658,0.652,8426244,552116125.654,0.91,-0.3,-0.002,3.75,159941
2023-02-07,0.655,0.655,0.656,0.654,5382482,352595247.51,0.31,0.15,0.001,2.4,159941
2023-02-08,0.665,0.666,0.666,0.664,6538549,434748027.67,0.31,1.68,0.011,2.91,159941
2023-02-09,0.656,0.658,0.659,0.656,8532043,560946092.1,0.45,-1.2,-0.008,3.8,159941
2023-02-10,0.651,0.648,0.651,0.647,5951442,385997496.23,0.61,-1.52,-0.01,2.65,159941
2023-02-13,0.645,0.646,0.646,0.643,5031379,324493147.74,0.46,-0.31,-0.002,2.24,159941
2023-02-14,0.655,0.655,0.656,0.653,8602302,563323329.024,0.46,1.39,0.009,3.83,159941
2023-02-15,0.659,0.657,0.659,0.657,5647848,371567650.02,0.31,0.31,0.002,2.52,159941
2023-02-16,0.669,0.671,0.672,0.668,6382947,427980484.82,0.61,2.13,0.014,2.84,159941
2023-02-17,0.657,0.654,0.657,0.653,5793068,379524828.582,0.6,-2.53,-0.017,2.58,159941
2023-02-20,0.652,0.654,0.654,0.651,7290570,475811034.9,0.46,0.0,0.0,3.25,159941
2023-02-21,0.651,0.652,0.652,0.65,6559093,426926716.8,0.31,-0.31,-0.002,2.92,159941
2023-02-22,0.641,0.641,0.643,0.64,6714614,430533340.7,0.46,-1.69,-0.011,2.99,159941
2023-02-23,0.644,0.645,0.646,0.644,6043475,389695382.361,0.31,0.62,0.004,2.69,159941
2023-02-24,0.647,0.647,0.648,0.646,4411839,285393525.66,0.31,0.31,0.002,1.97,159941
2023-02-27,0.642,0.642,0.644,0.641,3614773,232175719.0,0.46,-0.77,-0.005,1.61,159941
2023-02-28,0.646,0.644,0.647,0.644,3802511,245353643.5,0.47,0.31,0.002,1.69,159941
2023-03-01,0.64,0.642,0.643,0.639,8624648,552681524.134,0.62,-0.31,-0.002,3.84,159941
2023-03-02,0.636,0.631,0.637,0.63,8741228,552950497.124,1.09,-1.71,-0.011,3.89,159941
2023-03-03,0.638,0.639,0.639,0.636,7295945,465220264.136,0.48,1.27,0.008,3.25,159941
2023-03-06,0.651,0.655,0.656,0.65,12112336,790053906.643,0.94,2.5,0.016,5.39,159941
2023-03-07,0.657,0.656,0.658,0.656,5164246,339163309.3,0.31,0.15,0.001,2.3,159941
2023-03-08,0.651,0.65,0.652,0.649,5652147,367539522.4,0.46,-0.91,-0.006,2.52,159941
2023-03-09,0.652,0.653,0.654,0.651,2999718,195711646.5,0.46,0.46,0.003,1.34,159941
2023-03-10,0.639,0.638,0.641,0.637,6687513,427484849.8,0.61,-2.3,-0.015,2.98,159941
2023-03-13,0.634,0.64,0.641,0.634,13483875,859228488.5,1.1,0.31,0.002,6.01,159941
2023-03-14,0.635,0.631,0.636,0.629,10091793,638240660.8,1.09,-1.41,-0.009,4.49,159941
2023-03-15,0.645,0.646,0.647,0.644,7840056,505951755.11,0.48,2.38,0.015,3.49,159941
2023-03-16,0.65,0.649,0.652,0.648,5144149,334643821.5,0.62,0.46,0.003,2.29,159941
2023-03-17,0.665,0.666,0.666,0.663,5703737,379086900.845,0.46,2.62,0.017,2.54,159941
2023-03-20,0.664,0.657,0.665,0.656,9294932,615821488.0,1.35,-1.35,-0.009,4.14,159941
2023-03-21,0.663,0.663,0.664,0.662,3582204,237521070.132,0.3,0.91,0.006,1.6,159941
2023-03-22,0.672,0.675,0.676,0.672,7215844,486016861.124,0.6,1.81,0.012,3.21,159941
2023-03-23,0.664,0.667,0.667,0.664,10224677,680278730.035,0.44,-1.19,-0.008,4.55,159941
2023-03-24,0.67,0.672,0.674,0.667,8739738,586169943.9,1.05,0.75,0.005,3.89,159941
2023-03-27,0.676,0.68,0.681,0.676,5542595,375980264.988,0.74,1.19,0.008,2.47,159941
2023-03-28,0.674,0.675,0.676,0.672,4574563,308241027.605,0.59,-0.74,-0.005,2.04,159941
2023-03-29,0.673,0.675,0.676,0.673,2780772,187543214.3,0.44,0.0,0.0,1.24,159941
2023-03-30,0.683,0.681,0.684,0.68,6700250,456841158.9,0.59,0.89,0.006,2.98,159941
2023-03-31,0.688,0.684,0.688,0.684,5549392,381030985.2,0.59,0.44,0.003,2.47,159941
2023-04-03,0.693,0.693,0.695,0.693,4073406,282647107.532,0.29,1.32,0.009,1.81,159941
2023-04-04,0.695,0.696,0.696,0.693,4467815,310183550.1,0.43,0.43,0.003,1.99,159941
2023-04-06,0.684,0.683,0.685,0.682,6804160,464911405.925,0.43,-1.87,-0.013,3.03,159941
2023-04-07,0.69,0.689,0.69,0.688,3221721,222015652.246,0.29,0.88,0.006,1.43,159941
2023-04-10,0.688,0.686,0.689,0.686,4474731,307644641.588,0.44,-0.44,-0.003,1.99,159941
2023-04-11,0.69,0.689,0.69,0.688,3016336,207847899.484,0.29,0.44,0.003,1.34,159941
2023-04-12,0.686,0.685,0.686,0.684,2706223,185343504.1,0.29,-0.58,-0.004,1.21,159941
2023-04-13,0.678,0.68,0.681,0.677,3864364,262251114.782,0.58,-0.73,-0.005,1.72,159941
2023-04-14,0.69,0.686,0.69,0.686,3045666,209322011.72,0.59,0.88,0.006,1.36,159941
2023-04-17,0.689,0.689,0.69,0.688,3871217,266741263.93,0.29,0.44,0.003,1.72,159941
2023-04-18,0.688,0.688,0.69,0.687,2404090,165505385.064,0.44,-0.15,-0.001,1.07,159941
2023-04-19,0.689,0.687,0.689,0.686,2646546,182044422.1,0.44,-0.15,-0.001,1.18,159941
2023-04-20,0.688,0.687,0.689,0.686,3477224,239113016.6,0.44,0.0,0.0,1.55,159941
2023-04-21,0.685,0.684,0.686,0.684,2840403,194557014.13,0.29,-0.44,-0.003,1.27,159941
2023-04-24,0.684,0.682,0.686,0.682,4017653,274649754.975,0.58,-0.29,-0.002,1.79,159941
2023-04-25,0.684,0.683,0.684,0.682,3861406,263631894.095,0.29,0.15,0.001,1.72,159941
2023-04-26,0.683,0.682,0.684,0.681,5077796,346601351.3,0.44,-0.15,-0.001,2.26,159941
2023-04-27,0.682,0.683,0.684,0.681,2325088,158650881.6,0.44,0.15,0.001,1.04,159941
2023-04-28,0.696,0.695,0.696,0.694,3000170,208568582.815,0.29,1.76,0.012,1.34,159941
2023-05-04,0.69,0.691,0.693,0.689,2921836,201747981.8,0.58,-0.58,-0.004,1.3,159941
2023-05-05,0.689,0.689,0.69,0.688,1571830,108324020.244,0.29,-0.29,-0.002,0.7,159941
2023-05-08,0.7,0.7,0.701,0.699,4614160,322989018.2,0.29,1.6,0.011,2.06,159941
2023-05-09,0.701,0.701,0.703,0.701,3168366,222400901.38,0.29,0.14,0.001,1.41,159941
2023-05-10,0.699,0.701,0.701,0.698,2275100,159188269.16,0.43,0.0,0.0,1.01,159941
2023-05-11,0.709,0.71,0.711,0.709,2339706,166064561.2,0.29,1.28,0.009,1.04,159941
2023-05-12,0.715,0.712,0.715,0.712,3554430,253557453.9,0.42,0.28,0.002,1.58,159941
2023-05-15,0.709,0.711,0.712,0.708,2841350,201827191.7,0.56,-0.14,-0.001,1.27,159941
2023-05-16,0.714,0.714,0.715,0.713,2882654,205767432.787,0.28,0.42,0.003,1.28,159941
2023-05-17,0.72,0.719,0.721,0.719,3874406,278851481.318,0.28,0.7,0.005,1.73,159941
2023-05-18,0.728,0.729,0.731,0.727,4678113,341028085.2,0.56,1.39,0.01,2.08,159941
2023-05-19,0.748,0.749,0.751,0.747,10001792,749523234.2,0.55,2.74,0.02,4.45,159941
2023-05-22,0.745,0.745,0.746,0.743,3586858,266984793.1,0.4,-0.53,-0.004,1.6,159941
2023-05-23,0.751,0.749,0.753,0.749,6367925,478339151.1,0.54,0.54,0.004,2.84,159941
2023-05-24,0.742,0.738,0.742,0.737,5388871,398743189.6,0.67,-1.47,-0.011,2.4,159941
2023-05-25,0.746,0.749,0.749,0.745,7638700,570301052.9,0.54,1.49,0.011,3.4,159941
2023-05-26,0.755,0.752,0.756,0.751,3997192,301023164.5,0.67,0.4,0.003,1.78,159941
2023-05-29,0.777,0.779,0.779,0.775,6577119,511085574.5,0.53,3.59,0.027,2.93,159941
2023-05-30,0.777,0.78,0.782,0.776,7182347,559763437.224,0.77,0.13,0.001,3.2,159941
2023-05-31,0.779,0.777,0.782,0.776,4885622,380562356.152,0.77,-0.38,-0.003,2.18,159941
2023-06-01,0.775,0.776,0.777,0.772,6670075,516553232.8,0.64,-0.13,-0.001,2.97,159941
2023-06-02,0.785,0.786,0.786,0.783,5865844,460404381.6,0.39,1.29,0.01,2.61,159941
2023-06-05,0.789,0.79,0.791,0.787,7158819,564688597.8,0.51,0.51,0.004,3.19,159941
2023-06-06,0.792,0.791,0.793,0.79,4917319,389341057.9,0.38,0.13,0.001,2.19,159941
2023-06-07,0.792,0.794,0.794,0.791,2837516,224904040.335,0.38,0.38,0.003,1.26,159941
2023-06-08,0.782,0.776,0.783,0.776,10454625,814725043.8,0.88,-2.27,-0.018,4.66,159941
2023-06-09,0.788,0.789,0.79,0.787,6382517,503100704.118,0.39,1.68,0.013,2.84,159941
2023-06-12,0.795,0.798,0.798,0.795,5639169,449162581.4,0.38,1.14,0.009,2.51,159941
2023-06-13,0.811,0.816,0.817,0.81,9058050,737050529.604,0.88,2.26,0.018,4.03,159941
2023-06-14,0.818,0.817,0.82,0.816,6265950,512576867.2,0.49,0.12,0.001,2.79,159941
2023-06-15,0.824,0.822,0.826,0.821,7089178,584112601.5,0.61,0.61,0.005,3.16,159941
2023-06-16,0.828,0.83,0.83,0.826,6374776,528251567.884,0.49,0.97,0.008,2.84,159941
2023-06-19,0.826,0.826,0.827,0.825,4175551,344866148.7,0.24,-0.48,-0.004,1.86,159941
2023-06-20,0.827,0.825,0.828,0.824,3494916,288628622.3,0.48,-0.12,-0.001,1.56,159941
2023-06-21,0.829,0.828,0.831,0.828,4213205,349475108.6,0.36,0.36,0.003,1.88,159941
2023-06-26,0.823,0.822,0.824,0.822,6972111,573473814.3,0.24,-0.72,-0.006,3.11,159941
2023-06-27,0.812,0.811,0.812,0.809,9238817,748818988.3,0.36,-1.34,-0.011,4.12,159941
2023-06-28,0.821,0.822,0.823,0.82,5260535,432115422.58,0.37,1.36,0.011,2.34,159941
2023-06-29,0.829,0.828,0.83,0.828,3023534,250687295.2,0.24,0.73,0.006,1.35,159941
2023-06-30,0.829,0.828,0.83,0.828,4631965,383945886.032,0.24,0.0,0.0,2.06,159941
2023-07-03,0.84,0.843,0.843,0.839,7013128,589658721.8,0.48,1.81,0.015,3.12,159941
2023-07-04,0.84,0.837,0.841,0.836,5741223,481981378.9,0.59,-0.71,-0.006,2.56,159941
2023-07-05,0.838,0.838,0.84,0.837,4211820,353278939.7,0.36,0.12,0.001,1.88,159941
2023-07-06,0.841,0.839,0.842,0.838,4597542,386029315.606,0.48,0.12,0.001,2.05,159941
2023-07-07,0.835,0.835,0.836,0.834,4417081,368815530.4,0.24,-0.48,-0.004,1.97,159941
2023-07-10,0.83,0.828,0.831,0.827,6263980,519026592.3,0.48,-0.84,-0.007,2.79,159941
2023-07-11,0.831,0.832,0.833,0.829,3799350,315898292.0,0.48,0.48,0.004,1.69,159941
2023-07-12,0.834,0.833,0.835,0.832,2001429,166701852.632,0.36,0.12,0.001,0.89,159941
2023-07-13,0.841,0.847,0.847,0.84,6420264,541679676.821,0.84,1.68,0.014,2.86,159941
2023-07-14,0.855,0.85,0.856,0.85,5779947,492886266.9,0.71,0.35,0.003,2.57,159941
2023-07-17,0.85,0.854,0.855,0.85,3982414,339425846.148,0.59,0.47,0.004,1.77,159941
2023-07-18,0.861,0.863,0.864,0.86,4813875,414961043.1,0.47,1.05,0.009,2.14,159941
2023-07-19,0.872,0.876,0.877,0.872,8435535,738386140.6,0.58,1.51,0.013,3.76,159941
2023-07-20,0.87,0.865,0.871,0.865,7843624,681491497.9,0.68,-1.26,-0.011,3.49,159941
2023-07-21,0.849,0.851,0.853,0.848,11082101,942338289.178,0.58,-1.62,-0.014,4.94,159941
2023-07-24,0.849,0.853,0.854,0.848,6608408,562804565.348,0.71,0.24,0.002,2.94,159941
2023-07-25,0.852,0.852,0.853,0.849,5414436,460732539.333,0.47,-0.12,-0.001,2.41,159941
2023-07-26,0.855,0.854,0.856,0.853,5042629,430703234.3,0.35,0.23,0.002,2.25,159941
2023-07-27,0.855,0.861,0.862,0.854,8622189,739297573.245,0.94,0.82,0.007,3.84,159941
2023-07-28,0.856,0.858,0.86,0.855,8619567,739038158.423,0.58,-0.35,-0.003,3.84,159941
2023-07-31,0.867,0.867,0.869,0.861,10713417,926550941.86,0.93,1.05,0.009,4.77,159941
2023-08-01,0.869,0.869,0.871,0.869,3777585,328623776.81,0.23,0.23,0.002,1.68,159941
2023-08-02,0.866,0.857,0.867,0.857,8930961,769297653.614,1.15,-1.38,-0.012,3.98,159941
2023-08-03,0.847,0.843,0.847,0.843,8844948,747844718.907,0.47,-1.63,-0.014,3.94,159941
2023-08-04,0.845,0.85,0.851,0.844,8029502,680430436.892,0.83,0.83,0.007,3.58,159941
2023-08-07,0.844,0.843,0.845,0.842,6102387,514528362.96,0.35,-0.82,-0.007,2.72,159941
2023-08-08,0.847,0.844,0.848,0.844,4557446,385660207.941,0.47,0.12,0.001,2.03,159941
2023-08-09,0.844,0.843,0.844,0.841,4769559,401596602.2,0.36,-0.12,-0.001,2.12,159941
2023-08-10,0.834,0.835,0.835,0.832,6908325,575957690.6,0.36,-0.95,-0.008,3.08,159941
2023-08-11,0.836,0.837,0.838,0.833,6201934,518205299.428,0.6,0.24,0.002,2.76,159941
2023-08-14,0.832,0.832,0.833,0.828,7988384,663262242.5,0.6,-0.6,-0.005,3.56,159941
2023-08-15,0.844,0.846,0.849,0.844,11044392,935531287.024,0.6,1.68,0.014,4.92,159941
2023-08-16,0.839,0.837,0.839,0.836,7633735,639257294.5,0.35,-1.06,-0.009,3.4,159941
2023-08-17,0.828,0.831,0.831,0.827,11803125,978258630.2,0.48,-0.72,-0.006,5.26,159941
2023-08-18,0.817,0.817,0.818,0.814,9678127,789901550.492,0.48,-1.68,-0.014,4.31,159941
2023-08-21,0.818,0.819,0.821,0.818,4333473,355005760.9,0.37,0.24,0.002,1.93,159941
2023-08-22,0.828,0.832,0.832,0.826,6124415,507768792.0,0.73,1.59,0.013,2.73,159941
2023-08-23,0.832,0.832,0.834,0.831,7083037,589868278.401,0.36,0.0,0.0,3.15,159941
2023-08-24,0.85,0.855,0.855,0.849,11644713,992587266.361,0.72,2.76,0.023,5.19,159941
2023-08-25,0.826,0.822,0.826,0.821,10623437,874748883.232,0.58,-3.86,-0.033,4.73,159941
2023-08-28,0.829,0.834,0.834,0.829,4562772,379435795.5,0.61,1.46,0.012,2.03,159941
2023-08-29,0.841,0.84,0.841,0.838,4448049,373444569.016,0.36,0.72,0.006,1.98,159941
2023-08-30,0.858,0.857,0.859,0.857,5663576,486126772.704,0.24,2.02,0.017,2.52,159941
2023-08-31,0.861,0.86,0.864,0.86,6600171,568825132.2,0.47,0.35,0.003,2.94,159941
2023-09-01,0.859,0.86,0.861,0.858,4600415,395503875.34,0.35,0.0,0.0,2.05,159941
2023-09-04,0.86,0.863,0.863,0.859,4490614,386551845.1,0.47,0.35,0.003,2.0,159941
2023-09-05,0.861,0.862,0.863,0.861,3169051,273136752.817,0.23,-0.12,-0.001,1.41,159941
2023-09-06,0.866,0.863,0.866,0.862,4095404,354050822.1,0.46,0.12,0.001,1.82,159941
2023-09-07,0.858,0.857,0.859,0.856,6558012,562436712.0,0.35,-0.7,-0.006,2.92,159941
2023-09-08,0.854,0.859,0.86,0.854,6676228,571882131.92,0.7,0.23,0.002,2.97,159941
2023-09-11,0.857,0.855,0.858,0.853,8399655,718295683.5,0.58,-0.47,-0.004,3.74,159941
2023-09-12,0.86,0.86,0.861,0.859,4592920,394990099.7,0.23,0.58,0.005,2.05,159941
2023-09-13,0.851,0.851,0.851,0.848,7747018,658269890.3,0.35,-1.05,-0.009,3.45,159941
2023-09-14,0.855,0.856,0.858,0.854,5407834,462918163.8,0.47,0.59,0.005,2.41,159941
2023-09-15,0.862,0.862,0.863,0.859,6733088,579840003.5,0.47,0.7,0.006,3.0,159941
2023-09-18,0.847,0.848,0.849,0.846,3865650,327737841.6,0.35,-1.62,-0.014,1.72,159941
2023-09-19,0.85,0.847,0.85,0.846,3186917,270248925.3,0.47,-0.12,-0.001,1.42,159941
2023-09-20,0.846,0.847,0.848,0.845,5019162,424688399.285,0.35,0.0,0.0,2.24,159941
2023-09-21,0.833,0.832,0.833,0.83,9372421,779127445.38,0.35,-1.77,-0.015,4.17,159941
2023-09-22,0.818,0.824,0.824,0.817,8535305,700324399.09,0.84,-0.96,-0.008,3.8,159941
2023-09-25,0.821,0.824,0.826,0.821,6087002,501484945.4,0.61,0.0,0.0,2.71,159941
2023-09-26,0.823,0.817,0.824,0.817,5620301,461041078.9,0.85,-0.85,-0.007,2.5,159941
2023-09-27,0.812,0.816,0.816,0.812,5824723,473782823.3,0.49,-0.12,-0.001,2.59,159941
2023-09-28,0.819,0.814,0.819,0.813,7414957,604815854.782,0.74,-0.25,-0.002,3.3,159941
2023-10-09,0.828,0.826,0.829,0.824,8553561,707013664.9,0.61,1.47,0.012,3.81,159941
2023-10-10,0.837,0.839,0.839,0.836,5091558,426599762.7,0.36,1.57,0.013,2.27,159941
2023-10-11,0.843,0.847,0.848,0.842,5023883,424676554.046,0.72,0.95,0.008,2.24,159941
2023-10-12,0.854,0.852,0.855,0.851,4550577,388068276.1,0.47,0.59,0.005,2.03,159941
2023-10-13,0.848,0.847,0.849,0.845,4394236,372273560.8,0.47,-0.59,-0.005,1.96,159941
2023-10-16,0.84,0.839,0.84,0.836,5005371,419632921.2,0.47,-0.94,-0.008,2.23,159941
2023-10-17,0.846,0.845,0.847,0.844,4778665,403903872.0,0.36,0.72,0.006,2.13,159941
2023-10-18,0.842,0.84,0.843,0.84,4066489,342126105.9,0.36,-0.59,-0.005,1.81,159941
2023-10-19,0.832,0.829,0.833,0.828,7039096,584414315.2,0.6,-1.31,-0.011,3.14,159941
2023-10-20,0.82,0.82,0.822,0.818,9441933,774130129.4,0.48,-1.09,-0.009,4.21,159941
2023-10-23,0.813,0.814,0.815,0.812,8079404,656780656.9,0.37,-0.73,-0.006,3.6,159941
2023-10-24,0.815,0.819,0.819,0.813,7979769,651443120.8,0.74,0.61,0.005,3.55,159941
2023-10-25,0.82,0.817,0.821,0.817,4832501,395829106.9,0.49,-0.24,-0.002,2.15,159941
2023-10-26,0.794,0.792,0.795,0.791,14284468,1131958706.668,0.49,-3.06,-0.025,6.36,159941
2023-10-27,0.79,0.795,0.796,0.79,12849258,1019451078.5,0.76,0.38,0.003,5.72,159941
2023-10-30,0.795,0.795,0.796,0.794,5868591,466491475.8,0.25,0.0,0.0,2.61,159941
2023-10-31,0.797,0.794,0.798,0.793,5083513,404244699.1,0.63,-0.13,-0.001,2.26,159941
2023-11-01,0.8,0.806,0.806,0.799,7679669,616686331.4,0.88,1.51,0.012,3.42,159941
2023-11-02,0.822,0.822,0.824,0.82,6791613,558535992.881,0.5,1.99,0.016,3.03,159941
2023-11-03,0.831,0.829,0.831,0.828,4960612,411520898.016,0.36,0.85,0.007,2.21,159941
2023-11-06,0.838,0.838,0.839,0.837,4454628,373338307.99,0.24,1.09,0.009,1.98,159941
2023-11-07,0.839,0.838,0.84,0.838,5687269,477156282.752,0.24,0.0,0.0,2.53,159941
2023-11-08,0.847,0.847,0.848,0.846,3436152,291127835.2,0.24,1.07,0.009,1.53,159941
2023-11-09,0.848,0.852,0.852,0.848,3172752,269697565.588,0.47,0.59,0.005,1.41,159941
2023-11-10,0.844,0.842,0.844,0.842,6768668,570557986.3,0.23,-1.17,-0.01,3.01,159941
2023-11-13,0.86,0.86,0.861,0.859,4188185,360186857.2,0.24,2.14,0.018,1.87,159941
2023-11-14,0.861,0.862,0.865,0.86,4498401,388139493.8,0.58,0.23,0.002,2.0,159941
2023-11-15,0.878,0.876,0.879,0.876,5016035,440248430.2,0.35,1.62,0.014,2.23,159941
2023-11-16,0.875,0.873,0.875,0.872,3722239,325128463.176,0.34,-0.34,-0.003,1.66,159941
2023-11-17,0.874,0.876,0.877,0.874,2995026,262242469.344,0.34,0.34,0.003,1.33,159941
2023-11-20,0.871,0.863,0.872,0.863,6330071,548490450.2,1.03,-1.48,-0.013,2.82,159941
2023-11-21,0.875,0.873,0.875,0.873,4914877,429526551.7,0.23,1.16,0.01,2.19,159941
2023-11-22,0.865,0.866,0.867,0.865,4122508,357032024.796,0.23,-0.8,-0.007,1.84,159941
2023-11-23,0.873,0.872,0.874,0.871,2590156,225987209.888,0.35,0.69,0.006,1.15,159941
2023-11-24,0.872,0.873,0.874,0.872,2123028,185295402.3,0.23,0.11,0.001,0.95,159941
2023-11-27,0.869,0.868,0.87,0.866,3479972,301993584.08,0.46,-0.57,-0.005,1.55,159941
2023-11-28,0.87,0.871,0.871,0.869,2483438,216111406.6,0.23,0.35,0.003,1.11,159941
2023-11-29,0.87,0.872,0.872,0.87,3423877,298254684.8,0.23,0.11,0.001,1.53,159941
2023-11-30,0.873,0.871,0.873,0.87,5770492,503117367.3,0.34,-0.11,-0.001,2.57,159941
2023-12-01,0.866,0.866,0.867,0.865,3487709,302121656.2,0.23,-0.57,-0.005,1.55,159941
2023-12-04,0.867,0.867,0.868,0.866,3070991,266251757.634,0.23,0.12,0.001,1.37,159941
2023-12-05,0.861,0.857,0.861,0.857,4855935,417113850.3,0.46,-1.15,-0.01,2.16,159941
2023-12-06,0.869,0.869,0.87,0.868,2670327,232080106.091,0.23,1.4,0.012,1.19,159941
2023-12-07,0.861,0.861,0.862,0.86,2555097,220027640.859,0.23,-0.92,-0.008,1.14,159941
2023-12-08,0.872,0.874,0.874,0.871,3632245,317100232.22,0.35,1.51,0.013,1.62,159941
2023-12-11,0.88,0.881,0.882,0.879,4586567,403772997.05,0.34,0.8,0.007,2.04,159941
2023-12-12,0.891,0.89,0.892,0.889,6486665,577734307.94,0.34,1.02,0.009,2.89,159941
2023-12-13,0.898,0.9,0.9,0.897,5019528,451130991.4,0.34,1.12,0.01,2.24,159941
2023-12-14,0.909,0.911,0.911,0.908,5499010,500173649.806,0.33,1.22,0.011,2.45,159941
2023-12-15,0.902,0.9,0.902,0.899,5277150,475272685.8,0.33,-1.21,-0.011,2.35,159941
2023-12-18,0.905,0.906,0.908,0.904,4603374,417009449.0,0.44,0.67,0.006,2.05,159941
2023-12-19,0.911,0.911,0.912,0.91,4011598,365507355.6,0.22,0.55,0.005,1.79,159941
2023-12-20,0.915,0.914,0.915,0.913,4572153,418006169.6,0.22,0.33,0.003,2.04,159941
2023-12-21,0.903,0.902,0.905,0.901,14456996,1304867307.313,0.44,-1.31,-0.012,6.44,159941
2023-12-22,0.908,0.907,0.908,0.905,8478184,768755342.945,0.33,0.55,0.005,3.78,159941
2023-12-25,0.909,0.908,0.91,0.907,2689238,244323059.82,0.33,0.11,0.001,1.2,159941
2023-12-26,0.911,0.914,0.915,0.91,5056003,461682694.196,0.55,0.66,0.006,2.25,159941
2023-12-27,0.917,0.918,0.918,0.916,5825294,534187642.998,0.22,0.44,0.004,2.59,159941
2023-12-28,0.919,0.915,0.92,0.914,5341581,489627544.8,0.65,-0.33,-0.003,2.38,159941
2023-12-29,0.912,0.914,0.914,0.91,4066230,370696393.6,0.44,-0.11,-0.001,1.81,159941
2024-01-02,0.911,0.911,0.912,0.91,3886881,354163744.33,0.22,-0.33,-0.003,1.73,159941
2024-01-03,0.897,0.896,0.898,0.895,9418579,844271314.3,0.33,-1.65,-0.015,4.2,159941
2024-01-04,0.889,0.892,0.892,0.889,5751397,511719325.3,0.33,-0.45,-0.004,2.56,159941
2024-01-05,0.888,0.885,0.889,0.885,5293168,469755343.096,0.45,-0.78,-0.007,2.36,159941
2024-01-08,0.889,0.886,0.89,0.886,4602682,408607067.313,0.45,0.11,0.001,2.05,159941
2024-01-09,0.905,0.911,0.911,0.904,9148231,830318402.8,0.79,2.82,0.025,4.07,159941
2024-01-10,0.913,0.91,0.914,0.91,6412845,584429783.7,0.44,-0.11,-0.001,2.86,159941
2024-01-11,0.919,0.922,0.923,0.918,6808716,626883741.8,0.55,1.32,0.012,3.03,159941
2024-01-12,0.918,0.918,0.919,0.917,4731251,434312118.54,0.22,-0.43,-0.004,2.11,159941
2024-01-15,0.919,0.924,0.925,0.919,6642892,612399737.6,0.65,0.65,0.006,2.96,159941
2024-01-16,0.919,0.916,0.92,0.915,5851019,537160011.9,0.54,-0.87,-0.008,2.61,159941
2024-01-17,0.923,0.915,0.924,0.914,5606528,514914915.2,1.09,-0.11,-0.001,2.5,159941
2024-01-18,0.917,0.917,0.918,0.915,4805698,440354109.528,0.33,0.22,0.002,2.14,159941
2024-01-19,0.932,0.939,0.939,0.931,9619342,899447714.0,0.87,2.4,0.022,4.28,159941
2024-01-22,0.959,0.974,0.974,0.959,13661622,1321142539.196,1.6,3.73,0.035,6.09,159941
2024-01-23,0.969,0.962,0.969,0.958,8679021,835829143.288,1.13,-1.23,-0.012,3.87,159941
2024-01-24,0.968,0.967,0.97,0.965,8490424,821314729.091,0.52,0.52,0.005,3.78,159941
2024-01-25,0.965,0.959,0.966,0.957,7823403,751486520.7,0.93,-0.83,-0.008,3.48,159941
2024-01-26,0.952,0.949,0.953,0.947,8105283,770205280.824,0.63,-1.04,-0.01,3.61,159941
2024-01-29,0.95,0.958,0.959,0.95,6282941,599631614.8,0.95,0.95,0.009,2.8,159941
2024-01-30,0.972,0.974,0.976,0.969,8113889,789054286.9,0.73,1.67,0.016,3.61,159941
2024-01-31,0.958,0.952,0.959,0.951,9135123,871537410.3,0.82,-2.26,-0.022,4.07,159941
2024-02-01,0.941,0.941,0.944,0.94,5354629,504424742.4,0.42,-1.16,-0.011,2.38,159941
2024-02-02,0.962,0.963,0.97,0.961,10252050,988458387.0,0.96,2.34,0.022,4.57,159941
2024-02-05,0.971,0.97,0.971,0.967,6470078,627009297.556,0.42,0.73,0.007,2.88,159941
2024-02-06,0.97,0.973,0.973,0.969,4686249,454757963.7,0.41,0.31,0.003,2.09,159941
2024-02-07,0.97,0.965,0.97,0.964,5055928,488876152.8,0.62,-0.82,-0.008,2.25,159941
2024-02-08,0.979,0.988,0.991,0.977,7318585,719795064.5,1.45,2.38,0.023,3.26,159941
2024-02-19,0.978,0.981,0.983,0.976,7393841,724055724.7,0.71,-0.71,-0.007,3.29,159941
2024-02-20,0.979,0.98,0.98,0.975,3604565,352294756.0,0.51,-0.1,-0.001,1.61,159941
2024-02-21,0.967,0.968,0.97,0.966,5985578,579192174.034,0.41,-1.22,-0.012,2.67,159941
2024-02-22,0.981,0.983,0.984,0.977,6565561,643943505.382,0.72,1.55,0.015,2.92,159941
2024-02-23,0.995,0.997,0.998,0.994,6709179,668387085.1,0.41,1.42,0.014,2.99,159941
2024-02-26,0.99,0.986,0.991,0.984,5281437,521208948.624,0.7,-1.1,-0.011,2.35,159941
2024-02-27,0.986,0.984,0.988,0.983,3924861,386739631.2,0.51,-0.2,-0.002,1.75,159941
2024-02-28,0.987,0.986,0.988,0.984,4733259,466545477.244,0.41,0.2,0.002,2.11,159941
2024-02-29,0.979,0.978,0.98,0.978,4196711,410876013.6,0.2,-0.81,-0.008,1.87,159941
2024-03-01,0.989,0.994,0.995,0.988,6119436,606800665.508,0.72,1.64,0.016,2.73,159941
2024-03-04,1.006,1.008,1.01,1.005,6520826,656749590.7,0.5,1.41,0.014,2.9,159941
2024-03-05,1.0,0.998,1.001,0.998,5617999,561332398.859,0.3,-0.99,-0.01,2.5,159941
2024-03-06,0.985,0.994,0.994,0.985,7176518,710121116.8,0.9,-0.4,-0.004,3.2,159941
2024-03-07,0.991,0.989,0.993,0.988,5296939,524615252.4,0.5,-0.5,-0.005,2.36,159941
2024-03-08,1.007,1.006,1.008,1.005,5244999,527881215.86,0.3,1.72,0.017,2.34,159941
2024-03-11,0.991,0.991,0.993,0.99,6879345,681778901.979,0.3,-1.49,-0.015,3.06,159941
2024-03-12,0.993,0.994,0.994,0.991,5172868,513452612.7,0.3,0.3,0.003,2.3,159941
2024-03-13,1.003,1.001,1.004,0.999,8555378,856706171.306,0.5,0.7,0.007,3.81,159941
2024-03-14,0.996,0.997,0.998,0.995,3293523,328249418.5,0.3,-0.4,-0.004,1.47,159941
2024-03-15,0.991,0.99,0.993,0.989,4661005,461812864.3,0.4,-0.7,-0.007,2.08,159941
2024-03-18,0.985,0.991,0.991,0.983,5366520,529573685.0,0.81,0.1,0.001,2.39,159941
2024-03-19,0.988,0.985,0.989,0.985,4809447,474657800.4,0.4,-0.61,-0.006,2.14,159941
2024-03-20,0.99,0.99,0.991,0.989,2987877,295857218.93,0.2,0.51,0.005,1.33,159941
2024-03-21,1.007,1.008,1.009,1.003,9853820,991195195.7,0.61,1.82,0.018,4.39,159941
2024-03-22,1.007,1.009,1.01,1.006,4433196,447037885.52,0.4,0.1,0.001,1.97,159941
2024-03-25,1.011,1.005,1.012,1.005,4177199,420938478.0,0.69,-0.4,-0.004,1.86,159941
2024-03-26,1.006,1.01,1.01,1.005,5819016,586008973.1,0.5,0.5,0.005,2.59,159941
2024-03-27,1.006,1.007,1.01,1.005,5905973,595178599.8,0.5,-0.3,-0.003,2.63,159941
2024-03-28,1.008,1.008,1.009,1.006,2846329,286741848.8,0.3,0.1,0.001,1.27,159941
2024-03-29,1.007,1.005,1.007,1.005,2601971,261745569.9,0.2,-0.3,-0.003,1.16,159941
2024-04-01,1.012,1.011,1.013,1.01,4207434,425603441.4,0.3,0.6,0.006,1.87,159941
2024-04-02,1.006,1.007,1.01,1.005,4226460,425739632.6,0.49,-0.4,-0.004,1.88,159941
2024-04-03,0.998,0.998,1.002,0.997,7010325,700520743.1,0.5,-0.89,-0.009,3.12,159941
2024-04-08,0.998,0.997,1.0,0.997,4258953,425225820.87,0.3,-0.1,-0.001,1.9,159941
2024-04-09,0.998,0.999,1.0,0.997,3350508,334601197.2,0.3,0.2,0.002,1.49,159941
2024-04-10,1.003,1.004,1.004,1.001,3543545,355400660.8,0.3,0.5,0.005,1.58,159941
2024-04-11,0.995,0.994,0.996,0.994,4529534,450611252.294,0.2,-1.0,-0.01,2.02,159941
2024-04-12,1.011,1.01,1.011,1.009,7348495,742117003.253,0.2,1.61,0.016,3.27,159941
2024-04-15,0.996,0.999,1.001,0.996,5635329,562500142.739,0.5,-1.09,-0.011,2.51,159941
2024-04-16,0.979,0.974,0.98,0.973,10566968,1030946024.192,0.7,-2.5,-0.025,4.71,159941
2024-04-17,0.978,0.973,0.98,0.972,8073740,788050394.0,0.82,-0.1,-0.001,3.6,159941
2024-04-18,0.965,0.971,0.971,0.965,7349379,711224880.3,0.62,-0.21,-0.002,3.27,159941
2024-04-19,0.953,0.952,0.953,0.941,18157659,1720341864.8,1.24,-1.96,-0.019,8.09,159941
2024-04-22,0.942,0.946,0.947,0.941,9456523,892216902.3,0.63,-0.63,-0.006,4.21,159941
2024-04-23,0.948,0.947,0.949,0.945,6981074,661181899.08,0.42,0.11,0.001,3.11,159941
2024-04-24,0.968,0.969,0.971,0.967,9028717,875055629.61,0.42,2.32,0.022,4.02,159941
2024-04-25,0.957,0.954,0.958,0.95,8409746,802090961.78,0.83,-1.55,-0.015,3.75,159941
2024-04-26,0.97,0.972,0.972,0.969,7836295,760332620.2,0.31,1.89,0.018,3.49,159941
2024-04-29,0.979,0.976,0.98,0.976,6612149,646828573.8,0.41,0.41,0.004,2.95,159941
2024-04-30,0.977,0.978,0.98,0.976,4662454,456008399.1,0.41,0.2,0.002,2.08,159941
2024-05-06,0.98,0.981,0.981,0.978,5357163,524764548.8,0.31,0.31,0.003,2.39,159941
2024-05-07,0.99,0.99,0.994,0.99,5623657,557856655.17,0.41,0.92,0.009,2.5,159941
2024-05-08,0.994,0.992,0.995,0.991,4505896,447170339.116,0.4,0.2,0.002,2.01,159941
2024-05-09,0.991,0.99,0.993,0.99,3293876,326560711.9,0.3,-0.2,-0.002,1.47,159941
2024-05-10,0.995,0.995,0.996,0.993,3461578,344273674.59,0.3,0.51,0.005,1.54,159941
2024-05-13,0.997,1.0,1.001,0.996,5081653,507679968.6,0.5,0.5,0.005,2.26,159941
2024-05-14,0.999,1.0,1.002,0.998,3268391,326838749.958,0.4,0.0,0.0,1.46,159941
2024-05-15,1.008,1.006,1.009,1.005,6026624,606688331.1,0.4,0.6,0.006,2.68,159941
2024-05-16,1.022,1.022,1.023,1.021,6106116,624039205.252,0.2,1.59,0.016,2.72,159941
2024-05-17,1.02,1.02,1.02,1.019,3160609,322228316.0,0.1,-0.2,-0.002,1.41,159941
2024-05-20,1.022,1.021,1.023,1.02,4304613,439677374.7,0.29,0.1,0.001,1.92,159941
2024-05-21,1.027,1.027,1.028,1.025,3402683,349290957.4,0.29,0.59,0.006,1.52,159941
2024-05-22,1.031,1.031,1.032,1.03,3736811,385244775.9,0.19,0.39,0.004,1.66,159941
2024-05-23,1.035,1.04,1.041,1.035,7520340,781449859.8,0.58,0.87,0.009,3.35,159941
2024-05-24,1.028,1.022,1.028,1.021,11887138,1217585269.7,0.67,-1.73,-0.018,5.29,159941
2024-05-27,1.032,1.036,1.037,1.031,5941251,614508806.9,0.59,1.37,0.014,2.65,159941
2024-05-28,1.038,1.04,1.04,1.037,4034372,419132861.3,0.29,0.39,0.004,1.8,159941
2024-05-29,1.039,1.035,1.04,1.035,5454684,565501777.1,0.48,-0.48,-0.005,2.43,159941
2024-05-30,1.027,1.025,1.029,1.024,5346782,548476337.888,0.48,-0.97,-0.01,2.38,159941
2024-05-31,1.016,1.019,1.02,1.016,6540993,665956510.3,0.39,-0.59,-0.006,2.91,159941
2024-06-03,1.024,1.025,1.026,1.022,7279326,745389596.7,0.39,0.59,0.006,3.24,159941
2024-06-04,1.025,1.021,1.026,1.021,4837678,495430538.524,0.49,-0.39,-0.004,2.15,159941
2024-06-05,1.028,1.029,1.032,1.027,4918598,506658111.08,0.49,0.78,0.008,2.19,159941
2024-06-06,1.05,1.051,1.052,1.049,6228856,654361404.0,0.29,2.14,0.022,2.77,159941
2024-06-07,1.05,1.051,1.052,1.049,4274689,449062614.7,0.29,0.0,0.0,1.9,159941
2024-06-11,1.053,1.053,1.054,1.051,3638738,382950485.3,0.29,0.19,0.002,1.62,159941
2024-06-12,1.062,1.062,1.064,1.061,5114653,543544204.0,0.28,0.85,0.009,2.28,159941
2024-06-13,1.082,1.083,1.084,1.08,6008490,649991638.042,0.38,1.98,0.021,2.68,159941
2024-06-14,1.082,1.083,1.085,1.082,4328735,468873644.318,0.28,0.0,0.0,1.93,159941
2024-06-17,1.087,1.088,1.088,1.086,5307124,576910787.131,0.18,0.46,0.005,2.36,159941
2024-06-18,1.1,1.102,1.102,1.099,4854392,534192016.4,0.28,1.29,0.014,2.16,159941
2024-06-19,1.103,1.102,1.105,1.101,5876919,648032946.372,0.36,0.0,0.0,2.62,159941
2024-06-20,1.105,1.108,1.109,1.104,8101674,896720779.7,0.45,0.54,0.006,3.61,159941
2024-06-21,1.095,1.094,1.095,1.092,6057918,662589917.7,0.27,-1.26,-0.014,2.7,159941
2024-06-24,1.089,1.09,1.09,1.087,6171812,671791391.5,0.27,-0.37,-0.004,2.75,159941
2024-06-25,1.076,1.077,1.079,1.075,8814021,949525574.026,0.37,-1.19,-0.013,3.93,159941
2024-06-26,1.091,1.094,1.096,1.09,9162449,1001091151.7,0.56,1.58,0.017,4.08,159941
2024-06-27,1.089,1.093,1.095,1.089,7526965,822776327.737,0.55,-0.09,-0.001,3.35,159941
2024-06-28,1.103,1.107,1.109,1.103,10431652,1153870576.1,0.55,1.28,0.014,4.65,159941
2024-07-01,1.101,1.105,1.107,1.101,7833079,864908902.4,0.54,-0.18,-0.002,3.49,159941
2024-07-02,1.109,1.107,1.112,1.106,7392422,819850114.4,0.54,0.18,0.002,3.29,159941
2024-07-03,1.125,1.131,1.131,1.123,9023078,1017363615.3,0.72,2.17,0.024,4.02,159941
2024-07-04,1.15,1.135,1.158,1.12,19809202,2269326351.24,3.36,0.35,0.004,8.82,159941
2024-07-05,1.138,1.144,1.148,1.136,12711737,1450423270.1,1.06,0.79,0.009,5.66,159941
2024-07-08,1.157,1.155,1.158,1.15,12326408,1421584563.0,0.7,0.96,0.011,5.49,159941
2024-07-09,1.161,1.16,1.165,1.159,13049139,1515608199.4,0.52,0.43,0.005,5.81,159941
2024-07-10,1.161,1.151,1.163,1.15,10811520,1248150672.1,1.12,-0.78,-0.009,4.82,159941
2024-07-11,1.161,1.165,1.165,1.159,10872202,1263559369.0,0.52,1.22,0.014,4.84,159941
2024-07-12,1.127,1.122,1.129,1.122,16555434,1861754585.393,0.6,-3.69,-0.043,7.37,159941
2024-07-15,1.133,1.154,1.154,1.132,18295744,2090145982.8,1.96,2.85,0.032,8.15,159941
2024-07-16,1.156,1.152,1.165,1.149,12184770,1411010416.8,1.39,-0.17,-0.002,5.43,159941
2024-07-17,1.15,1.14,1.15,1.136,9943497,1136660952.3,1.22,-1.04,-0.012,4.43,159941
2024-07-18,1.103,1.121,1.122,1.101,14608305,1624236618.7,1.84,-1.67,-0.019,6.51,159941
2024-07-19,1.108,1.104,1.114,1.102,9148859,1013882234.812,1.07,-1.52,-0.017,4.07,159941
2024-07-22,1.096,1.102,1.102,1.088,13575196,1484891327.997,1.27,-0.18,-0.002,6.05,159941
2024-07-23,1.116,1.111,1.12,1.108,12305071,1369455689.8,1.09,0.82,0.009,5.48,159941
2024-07-24,1.103,1.092,1.107,1.092,9494546,1043928881.134,1.35,-1.71,-0.019,4.23,159941
2024-07-25,1.063,1.062,1.065,1.053,13942341,1479865539.547,1.1,-2.75,-0.03,6.21,159941
2024-07-26,1.054,1.062,1.063,1.054,14201322,1502914932.974,0.85,0.0,0.0,6.33,159941
2024-07-29,1.075,1.083,1.083,1.072,10721194,1153669105.5,1.04,1.98,0.021,4.78,159941
2024-07-30,1.072,1.069,1.075,1.062,13344008,1426277882.2,1.2,-1.29,-0.014,5.94,159941
2024-07-31,1.063,1.073,1.074,1.06,12099080,1291523160.0,1.31,0.37,0.004,5.39,159941
2024-08-01,1.098,1.101,1.105,1.095,11903273,1308866353.78,0.93,2.61,0.028,5.3,159941
2024-08-02,1.059,1.041,1.068,1.038,21352086,2249757220.79,2.72,-5.45,-0.06,9.51,159941
2024-08-05,0.991,0.965,0.999,0.948,28076804,2749246076.43,4.9,-7.3,-0.076,12.51,159941
2024-08-06,1.002,1.001,1.01,0.995,21672974,2175311666.8,1.55,3.73,0.036,9.65,159941
2024-08-07,1.0,1.001,1.013,1.0,22770619,2291245206.9,1.3,0.0,0.0,10.14,159941
2024-08-08,0.987,0.984,0.99,0.979,16698596,1644641574.078,1.1,-1.7,-0.017,7.44,159941
2024-08-09,1.017,1.012,1.017,1.008,15109644,1531562288.78,0.91,2.85,0.028,6.73,159941
2024-08-12,1.018,1.021,1.022,1.015,8500480,866697639.9,0.69,0.89,0.009,3.79,159941
2024-08-13,1.024,1.028,1.029,1.021,12703393,1301300039.0,0.78,0.69,0.007,5.66,159941
2024-08-14,1.052,1.048,1.054,1.045,14437089,1516051324.6,0.88,1.95,0.02,6.43,159941
2024-08-15,1.051,1.055,1.056,1.05,9039095,952804276.0,0.57,0.67,0.007,4.03,159941
2024-08-16,1.083,1.098,1.099,1.082,16727755,1821505378.8,1.61,4.08,0.043,7.45,159941
2024-08-19,1.095,1.079,1.096,1.076,12918052,1404583299.681,1.82,-1.73,-0.019,5.75,159941
2024-08-20,1.099,1.103,1.103,1.098,9420013,1036808358.2,0.46,2.22,0.024,4.2,159941
2024-08-21,1.097,1.099,1.101,1.094,9654052,1059402804.4,0.63,-0.36,-0.004,4.3,159941
2024-08-22,1.106,1.1,1.108,1.097,9897777,1091094086.9,1.0,0.09,0.001,4.41,159941
2024-08-23,1.085,1.089,1.091,1.084,11168405,1214987780.5,0.64,-1.0,-0.011,4.97,159941
2024-08-26,1.098,1.09,1.098,1.09,7735663,846367359.8,0.73,0.09,0.001,3.45,159941
2024-08-27,1.08,1.075,1.08,1.074,10515224,1132541295.7,0.55,-1.38,-0.015,4.68,159941
2024-08-28,1.076,1.079,1.079,1.075,6980091,751848558.0,0.37,0.37,0.004,3.11,159941
2024-08-29,1.056,1.055,1.058,1.053,11656542,1229930485.3,0.46,-2.22,-0.024,5.19,159941
2024-08-30,1.059,1.066,1.066,1.058,7706065,818131474.14,0.76,1.04,0.011,3.43,159941
2024-09-02,1.074,1.073,1.076,1.072,7114973,764145827.1,0.38,0.66,0.007,3.17,159941
2024-09-03,1.076,1.073,1.077,1.072,4539240,487568516.1,0.47,0.0,0.0,2.02,159941
2024-09-04,1.03,1.016,1.033,1.016,26006645,2665099539.3,1.58,-5.31,-0.057,11.58,159941
2024-09-05,1.024,1.023,1.027,1.02,8449652,865191106.3,0.69,0.69,0.007,3.76,159941
2024-09-06,1.015,1.026,1.035,1.015,16119802,1655222074.8,1.96,0.29,0.003,7.18,159941
2024-09-09,1.01,1.017,1.018,1.006,12015956,1216491324.5,1.17,-0.88,-0.009,5.35,159941
2024-09-10,1.026,1.024,1.029,1.02,9583798,982355548.2,0.88,0.69,0.007,4.27,159941
2024-09-11,1.035,1.032,1.036,1.025,11974789,1233861089.5,1.07,0.78,0.008,5.33,159941
2024-09-12,1.06,1.066,1.067,1.059,12727844,1353154054.3,0.78,3.29,0.034,5.67,159941
2024-09-13,1.074,1.071,1.077,1.071,10911987,1171680866.9,0.56,0.47,0.005,4.86,159941
2024-09-18,1.07,1.065,1.07,1.064,10839323,1156529478.4,0.56,-0.56,-0.006,4.83,159941
2024-09-19,1.07,1.076,1.077,1.067,11373973,1218789572.3,0.94,1.03,0.011,5.07,159941
2024-09-20,1.087,1.081,1.088,1.08,8619201,935009731.6,0.74,0.46,0.005,3.84,159941
2024-09-23,1.087,1.086,1.091,1.084,6896105,749421535.9,0.65,0.46,0.005,3.07,159941
2024-09-24,1.086,1.08,1.087,1.073,11096746,1196767915.052,1.29,-0.55,-0.006,4.94,159941
2024-09-25,1.073,1.07,1.075,1.07,8024284,860666534.6,0.46,-0.93,-0.01,3.57,159941
2024-09-26,1.08,1.086,1.086,1.078,9033238,977145003.5,0.75,1.5,0.016,4.02,159941
2024-09-27,1.074,1.069,1.076,1.068,15587754,1670355893.0,0.74,-1.57,-0.017,6.94,159941
2024-09-30,1.061,1.064,1.068,1.058,13934169,1480817457.374,0.94,-0.47,-0.005,6.21,159941
2024-10-08,1.045,1.058,1.064,1.04,11692440,1232903014.036,2.26,-0.56,-0.006,5.21,159941
2024-10-09,1.079,1.075,1.083,1.072,12903919,1390590140.981,1.04,1.61,0.017,5.75,159941
2024-10-10,1.087,1.089,1.091,1.084,10987427,1194909720.1,0.65,1.3,0.014,4.89,159941
2024-10-11,1.09,1.088,1.092,1.087,9160039,998414267.561,0.46,-0.09,-0.001,4.08,159941
2024-10-14,1.089,1.088,1.09,1.087,10046211,1092941733.1,0.28,0.0,0.0,4.47,159941
2024-10-15,1.099,1.11,1.112,1.098,12664919,1400257119.77,1.29,2.02,0.022,5.64,159941
2024-10-16,1.095,1.098,1.098,1.093,10095400,1106312130.5,0.45,-1.08,-0.012,4.5,159941
2024-10-17,1.095,1.104,1.106,1.093,9151799,1004666719.8,1.18,0.55,0.006,4.08,159941
2024-10-18,1.099,1.096,1.101,1.094,11367157,1247131241.5,0.63,-0.72,-0.008,5.06,159941
2024-10-21,1.101,1.099,1.102,1.098,7473806,822174263.062,0.36,0.27,0.003,3.33,159941
2024-10-22,1.102,1.099,1.102,1.099,6519628,717650875.7,0.27,0.0,0.0,2.9,159941
2024-10-23,1.104,1.104,1.106,1.102,5026399,555079142.0,0.36,0.45,0.005,2.24,159941
2024-10-24,1.094,1.092,1.094,1.089,7933761,866008094.9,0.45,-1.09,-0.012,3.53,159941
2024-10-25,1.097,1.097,1.098,1.095,5855170,642074846.7,0.27,0.46,0.005,2.61,159941
2024-10-28,1.111,1.11,1.113,1.109,10760403,1195797854.89,0.36,1.19,0.013,4.79,159941
2024-10-29,1.105,1.107,1.109,1.103,8903081,984341128.147,0.54,-0.27,-0.003,3.97,159941
2024-10-30,1.118,1.119,1.121,1.117,9215120,1031100021.442,0.36,1.08,0.012,4.1,159941
2024-10-31,1.103,1.099,1.107,1.098,10416216,1149494084.9,0.8,-1.79,-0.02,4.64,159941
2024-11-01,1.081,1.085,1.091,1.08,9916642,1075933278.657,1.0,-1.27,-0.014,4.42,159941
2024-11-04,1.086,1.089,1.092,1.085,10312853,1123079199.5,0.65,0.37,0.004,4.59,159941
2024-11-05,1.084,1.084,1.085,1.081,8405269,910348486.6,0.37,-0.46,-0.005,3.74,159941
2024-11-06,1.103,1.123,1.125,1.1,24223436,2695090902.0,2.31,3.6,0.039,10.79,159941
2024-11-07,1.143,1.14,1.15,1.139,16650980,1903481679.1,0.98,1.51,0.017,7.42,159941
2024-11-08,1.151,1.15,1.152,1.146,8894261,1021564993.0,0.53,0.88,0.01,3.96,159941
2024-11-11,1.156,1.158,1.158,1.154,6910800,799137512.5,0.35,0.7,0.008,3.08,159941
2024-11-12,1.158,1.16,1.162,1.157,11054842,1281629108.9,0.43,0.17,0.002,4.92,159941
2024-11-13,1.155,1.152,1.156,1.151,6821075,787125489.6,0.43,-0.69,-0.008,3.04,159941
2024-11-14,1.154,1.156,1.156,1.153,6664797,769467187.9,0.26,0.35,0.004,2.97,159941
2024-11-15,1.143,1.139,1.144,1.137,9447888,1078144379.9,0.61,-1.47,-0.017,4.21,159941
2024-11-18,1.126,1.13,1.131,1.125,9978280,1125556313.0,0.53,-0.79,-0.009,4.44,159941
2024-11-19,1.128,1.133,1.135,1.127,8577674,970673136.8,0.71,0.27,0.003,3.82,159941
2024-11-20,1.143,1.145,1.145,1.141,8877007,1014662741.0,0.35,1.06,0.012,3.95,159941
2024-11-21,1.136,1.136,1.14,1.134,8867228,1007468240.776,0.52,-0.79,-0.009,3.95,159941
2024-11-22,1.145,1.147,1.147,1.142,7530914,862082454.7,0.44,0.97,0.011,3.35,159941
2024-11-25,1.155,1.156,1.158,1.155,8598141,994673131.7,0.26,0.78,0.009,3.83,159941
2024-11-26,1.15,1.156,1.156,1.149,6760273,778611062.5,0.61,0.0,0.0,3.01,159941
2024-11-27,1.16,1.158,1.165,1.158,11034293,1281907466.574,0.61,0.17,0.002,4.91,159941
2024-11-28,1.151,1.155,1.155,1.15,5240354,603743733.1,0.43,-0.26,-0.003,2.33,159941
2024-11-29,1.153,1.154,1.156,1.151,6154794,710200513.6,0.43,-0.09,-0.001,2.74,159941
2024-12-02,1.161,1.16,1.162,1.158,6626918,768529537.3,0.35,0.52,0.006,2.95,159941
2024-12-03,1.175,1.18,1.182,1.174,8002975,943380309.8,0.69,1.72,0.02,3.56,159941
2024-12-04,1.187,1.186,1.188,1.184,7660575,908562069.4,0.34,0.51,0.006,3.41,159941
2024-12-05,1.196,1.195,1.198,1.195,6002130,717857264.5,0.25,0.76,0.009,2.67,159941
2024-12-06,1.19,1.19,1.192,1.188,6403974,761701969.1,0.33,-0.42,-0.005,2.85,159941
2024-12-09,1.201,1.208,1.209,1.201,8570451,1033158328.8,0.67,1.51,0.018,3.82,159941
2024-12-10,1.191,1.197,1.197,1.189,10275786,1226886095.6,0.66,-0.91,-0.011,4.58,159941
2024-12-11,1.195,1.197,1.199,1.195,6051130,724663837.515,0.33,0.0,0.0,2.7,159941
2024-12-12,1.22,1.221,1.222,1.219,7385588,901245942.7,0.25,2.01,0.024,3.29,159941
2024-12-13,1.221,1.228,1.228,1.219,8579456,1049410298.4,0.74,0.57,0.007,3.82,159941
2024-12-16,1.231,1.244,1.246,1.23,13885623,1720279949.6,1.3,1.3,0.016,6.18,159941
2024-12-17,1.266,1.259,1.275,1.258,16743861,2119357617.516,1.37,1.21,0.015,7.46,159941
2024-12-18,1.257,1.266,1.266,1.255,13036378,1642685515.688,0.87,0.56,0.007,5.81,159941
2024-12-19,1.223,1.234,1.237,1.221,15333198,1883613947.323,1.26,-2.53,-0.032,6.83,159941
2024-12-20,1.227,1.207,1.229,1.203,15926017,1930162160.1,2.11,-2.19,-0.027,7.09,159941
2024-12-23,1.227,1.251,1.251,1.227,14591720,1807908660.4,1.99,3.65,0.044,6.5,159941
2024-12-24,1.266,1.25,1.267,1.237,14917772,1872612939.0,2.4,-0.08,-0.001,6.64,159941
2024-12-25,1.266,1.261,1.267,1.255,11557876,1456438553.6,0.96,0.88,0.011,5.15,159941
2024-12-26,1.263,1.263,1.269,1.256,9905723,1251915184.2,1.03,0.16,0.002,4.41,159941
2024-12-27,1.256,1.255,1.26,1.253,7138581,896180704.7,0.55,-0.63,-0.008,3.18,159941
2024-12-30,1.236,1.239,1.245,1.236,8553731,1060002654.725,0.72,-1.27,-0.016,3.81,159941
2024-12-31,1.228,1.231,1.236,1.226,11688074,1438734525.0,0.81,-0.65,-0.008,5.21,159941
2025-01-02,1.229,1.246,1.246,1.229,8304085,1029565992.08,1.38,1.22,0.015,3.7,159941
2025-01-03,1.241,1.24,1.253,1.236,9451503,1174878088.2,1.36,-0.48,-0.006,4.21,159941
2025-01-06,1.259,1.274,1.274,1.254,15344292,1939596566.4,1.61,2.74,0.034,6.83,159941
2025-01-07,1.29,1.264,1.294,1.261,18918669,2421773812.6,2.59,-0.78,-0.01,8.43,159941
2025-01-08,1.246,1.257,1.259,1.245,10525031,1319939577.3,1.11,-0.55,-0.007,4.69,159941
2025-01-09,1.255,1.252,1.258,1.25,7665386,960824456.6,0.64,-0.4,-0.005,3.41,159941
2025-01-10,1.246,1.247,1.264,1.242,13443912,1683276962.2,1.76,-0.4,-0.005,5.99,159941
2025-01-13,1.235,1.216,1.237,1.211,14862899,1820089414.588,2.09,-2.49,-0.031,6.62,159941
2025-01-14,1.228,1.233,1.233,1.22,10481746,1286234285.73,1.07,1.4,0.017,4.67,159941
2025-01-15,1.228,1.223,1.229,1.221,6667636,816349395.632,0.65,-0.81,-0.01,2.97,159941
2025-01-16,1.254,1.249,1.255,1.243,11965541,1493869254.4,0.98,2.13,0.026,5.33,159941
2025-01-17,1.237,1.244,1.247,1.235,7640662,948045699.9,0.96,-0.4,-0.005,3.4,159941
2025-01-20,1.255,1.262,1.262,1.252,7759353,974601472.271,0.8,1.45,0.018,3.46,159941
2025-01-21,1.26,1.264,1.266,1.255,7543034,952302988.965,0.87,0.16,0.002,3.36,159941
2025-01-22,1.272,1.27,1.276,1.27,8419758,1071087883.34,0.47,0.47,0.006,3.75,159941
2025-01-23,1.276,1.257,1.277,1.254,9662149,1225510637.657,1.81,-1.02,-0.013,4.3,159941
2025-01-24,1.263,1.259,1.266,1.254,5796315,730688643.0,0.95,0.16,0.002,2.58,159941
2025-01-27,1.233,1.229,1.239,1.226,11891679,1464786057.3,1.03,-2.38,-0.03,5.3,159941
2025-02-05,1.23,1.231,1.237,1.229,5594730,689911396.67,0.65,0.16,0.002,2.49,159941
2025-02-06,1.242,1.243,1.245,1.235,7720837,957679712.061,0.81,0.97,0.012,3.44,159941
2025-02-07,1.245,1.237,1.248,1.232,11364392,1407390893.7,1.29,-0.48,-0.006,5.06,159941
2025-02-10,1.23,1.223,1.23,1.221,8738554,1069982443.2,0.73,-1.13,-0.014,3.89,159941
2025-02-11,1.228,1.222,1.23,1.221,6245220,765249503.416,0.74,-0.08,-0.001,2.78,159941
2025-02-12,1.222,1.219,1.224,1.218,4402702,537355419.7,0.49,-0.25,-0.003,1.96,159941
2025-02-13,1.225,1.222,1.225,1.219,5393979,659260382.3,0.49,0.25,0.003,2.4,159941
2025-02-14,1.23,1.231,1.233,1.227,6865124,844463687.0,0.49,0.74,0.009,3.06,159941
2025-02-17,1.23,1.231,1.235,1.227,5255089,646631640.1,0.65,0.0,0.0,2.34,159941
2025-02-18,1.232,1.239,1.241,1.229,7127543,879842924.7,0.97,0.65,0.008,3.17,159941
2025-02-19,1.236,1.233,1.237,1.231,6143464,757646525.7,0.48,-0.48,-0.006,2.74,159941
2025-02-20,1.229,1.222,1.23,1.222,4391030,537892425.7,0.65,-0.89,-0.011,1.96,159941
2025-02-21,1.218,1.214,1.22,1.21,8818236,1071198325.353,0.82,-0.65,-0.008,3.93,159941
2025-02-24,1.192,1.195,1.199,1.19,7112091,849190691.504,0.74,-1.57,-0.019,3.17,159941
2025-02-25,1.179,1.176,1.18,1.174,6973178,820348974.7,0.5,-1.59,-0.019,3.11,159941
2025-02-26,1.167,1.173,1.176,1.165,10253220,1199140739.4,0.94,-0.26,-0.003,4.57,159941
2025-02-27,1.167,1.18,1.183,1.165,11196523,1313312156.448,1.53,0.6,0.007,4.99,159941
2025-02-28,1.151,1.134,1.153,1.133,17168177,1958240313.728,1.69,-3.9,-0.046,7.65,159941
2025-03-03,1.147,1.159,1.161,1.146,13783745,1591796834.5,1.32,2.2,0.025,6.14,159941
2025-03-04,1.13,1.137,1.139,1.128,10846196,1229177390.703,0.95,-1.9,-0.022,4.83,159941
2025-03-05,1.137,1.147,1.153,1.133,19963023,2282233158.236,1.76,0.88,0.01,8.89,159941
2025-03-06,1.15,1.148,1.152,1.147,7972019,916317438.8,0.44,0.09,0.001,3.55,159941
2025-03-07,1.127,1.125,1.13,1.123,9969161,1122411573.685,0.61,-2.0,-0.023,4.44,159941
2025-03-10,1.122,1.12,1.128,1.12,8808482,989657826.229,0.71,-0.44,-0.005,3.92,159941
2025-03-11,1.07,1.074,1.077,1.055,37998515,4050806958.848,1.96,-4.11,-0.046,16.92,159941
2025-03-12,1.073,1.08,1.083,1.07,18436458,1985255931.8,1.21,0.56,0.006,8.21,159941
2025-03-13,1.088,1.073,1.09,1.071,20501766,2213258472.4,1.76,-0.65,-0.007,9.13,159941
2025-03-14,1.069,1.082,1.086,1.067,19229975,2072542291.775,1.77,0.84,0.009,8.57,159941
2025-03-17,1.09,1.086,1.093,1.085,8901322,969493835.7,0.74,0.37,0.004,3.96,159941
2025-03-18,1.093,1.093,1.095,1.09,9383667,1024827356.1,0.46,0.64,0.007,4.18,159941
2025-03-19,1.084,1.085,1.089,1.083,8091571,878958243.7,0.55,-0.73,-0.008,3.6,159941
2025-03-20,1.1,1.11,1.114,1.097,17671270,1956123387.275,1.57,2.3,0.025,7.87,159941
2025-03-21,1.105,1.106,1.109,1.099,9525532,1052108853.6,0.9,-0.36,-0.004,4.24,159941
2025-03-24,1.118,1.131,1.133,1.117,17348987,1955465749.772,1.45,2.26,0.025,7.73,159941
2025-03-25,1.15,1.145,1.158,1.138,11679357,1340095515.0,1.77,1.24,0.014,5.2,159941
2025-03-26,1.151,1.141,1.152,1.138,10909566,1247057827.5,1.22,-0.35,-0.004,4.86,159941
2025-03-27,1.118,1.118,1.126,1.117,12398616,1389376795.0,0.79,-2.02,-0.023,5.52,159941
2025-03-28,1.114,1.111,1.119,1.109,8097666,903007290.1,0.89,-0.63,-0.007,3.61,159941
2025-03-31,1.071,1.065,1.076,1.059,18188433,1942873112.9,1.53,-4.14,-0.046,8.1,159941
2025-04-01,1.072,1.084,1.088,1.072,11886682,1284058794.41,1.5,1.78,0.019,5.29,159941
2025-04-02,1.09,1.09,1.096,1.088,7530439,822072921.0,0.74,0.55,0.006,3.35,159941
2025-04-03,1.066,1.065,1.076,1.064,15097571,1614932919.262,1.1,-2.29,-0.025,6.72,159941
2025-04-07,0.959,0.959,0.959,0.959,3582106,343523965.4,0.0,-9.95,-0.106,1.6,159941
2025-04-08,0.987,0.994,1.002,0.981,24429655,2423556339.786,2.19,3.65,0.035,10.88,159941
2025-04-09,0.96,0.989,0.989,0.949,38156301,3693110825.2,4.02,-0.5,-0.005,17.0,159941
2025-04-10,1.088,1.08,1.088,1.065,32642404,3520930555.4,2.33,9.2,0.091,14.54,159941
2025-04-11,1.04,1.068,1.075,1.036,28965141,3049323593.0,3.61,-1.11,-0.012,12.9,159941
2025-04-14,1.08,1.082,1.087,1.078,13726304,1484835406.5,0.84,1.31,0.014,6.11,159941
2025-04-15,1.074,1.067,1.077,1.066,7471015,799661089.0,1.02,-1.39,-0.015,3.33,159941
2025-04-16,1.054,1.043,1.059,1.04,14297907,1498595174.0,1.78,-2.25,-0.024,6.37,159941
2025-04-17,1.035,1.054,1.056,1.035,14453136,1509025633.3,2.01,1.05,0.011,6.44,159941
2025-04-18,1.045,1.045,1.056,1.04,11544122,1209228523.2,1.52,-0.85,-0.009,5.14,159941
2025-04-21,1.039,1.039,1.044,1.037,8216231,854617317.8,0.67,-0.57,-0.006,3.66,159941
2025-04-22,1.035,1.038,1.042,1.029,10017342,1036231525.7,1.25,-0.1,-0.001,4.46,159941
2025-04-23,1.062,1.073,1.074,1.052,15177158,1611486836.3,2.12,3.37,0.035,6.76,159941
2025-04-24,1.072,1.059,1.072,1.057,9380769,999867789.4,1.4,-1.3,-0.014,4.18,159941
2025-04-25,1.09,1.09,1.096,1.086,17569199,1918768067.9,0.94,2.93,0.031,7.83,159941
2025-04-28,1.088,1.094,1.096,1.086,12163550,1327873228.62,0.92,0.37,0.004,5.42,159941
2025-04-29,1.098,1.093,1.104,1.093,7502609,824552428.8,1.01,-0.09,-0.001,3.34,159941
2025-04-30,1.095,1.094,1.098,1.091,8141101,891456468.0,0.64,0.09,0.001,3.63,159941
2025-05-06,1.112,1.101,1.114,1.1,11935593,1318497795.47,1.28,0.64,0.007,5.32,159941
2025-05-07,1.105,1.104,1.108,1.101,8407664,928812738.2,0.64,0.27,0.003,3.74,159941
2025-05-08,1.114,1.119,1.121,1.108,12888407,1435612167.8,1.18,1.36,0.015,5.74,159941
2025-05-09,1.119,1.118,1.122,1.115,11059214,1237317145.3,0.63,-0.09,-0.001,4.93,159941
2025-05-12,1.137,1.139,1.142,1.134,11847535,1348083795.5,0.72,1.88,0.021,5.28,159941
2025-05-13,1.155,1.149,1.158,1.148,10408380,1199614784.5,0.88,0.88,0.01,4.64,159941
2025-05-14,1.17,1.181,1.183,1.167,17479114,2057329415.11,1.39,2.79,0.032,7.79,159941
2025-05-15,1.18,1.174,1.187,1.173,11002222,1299457552.324,1.19,-0.59,-0.007,4.9,159941
2025-05-16,1.178,1.176,1.183,1.175,8484754,1000333294.0,0.68,0.17,0.002,3.78,159941
2025-05-19,1.169,1.165,1.173,1.164,11334184,1324271608.9,0.77,-0.94,-0.011,5.05,159941
2025-05-20,1.18,1.177,1.183,1.175,11494823,1355768134.8,0.69,1.03,0.012,5.12,159941
2025-05-21,1.176,1.164,1.177,1.163,10371956,1212596804.4,1.19,-1.1,-0.013,4.62,159941
2025-05-22,1.158,1.156,1.162,1.154,10711801,1240013514.8,0.69,-0.69,-0.008,4.77,159941
2025-05-23,1.156,1.152,1.159,1.151,6932853,801085605.1,0.69,-0.35,-0.004,3.09,159941
2025-05-26,1.155,1.156,1.156,1.153,5705446,658911452.0,0.26,0.35,0.004,2.54,159941
2025-05-27,1.155,1.165,1.166,1.153,8696452,1008893618.045,1.12,0.78,0.009,3.87,159941
2025-05-28,1.18,1.178,1.182,1.175,6364538,750073800.5,0.6,1.12,0.013,2.83,159941
2025-05-29,1.195,1.196,1.198,1.193,8356202,998594079.2,0.42,1.53,0.018,3.72,159941
2025-05-30,1.167,1.172,1.175,1.167,9623738,1127763763.0,0.67,-2.01,-0.024,4.29,159941
2025-06-03,1.18,1.176,1.181,1.175,4798316,565090384.5,0.51,0.34,0.004,2.14,159941
2025-06-04,1.187,1.185,1.187,1.18,9311130,1102240640.9,0.6,0.77,0.009,4.15,159941
2025-06-05,1.185,1.181,1.186,1.181,5425804,642079696.0,0.42,-0.34,-0.004,2.42,159941
2025-06-06,1.172,1.177,1.179,1.172,6530186,767653682.1,0.59,-0.34,-0.004,2.91,159941
2025-06-09,1.182,1.181,1.183,1.179,4658773,550034452.5,0.34,0.34,0.004,2.08,159941
2025-06-10,1.188,1.182,1.194,1.18,12717690,1509246027.87,1.19,0.08,0.001,5.66,159941
2025-06-11,1.186,1.186,1.189,1.185,6862794,814586590.1,0.34,0.34,0.004,3.06,159941
2025-06-12,1.181,1.182,1.183,1.178,7279699,859294315.1,0.42,-0.34,-0.004,3.24,159941
2025-06-13,1.167,1.169,1.172,1.163,10788489,1260051258.4,0.76,-1.1,-0.013,4.81,159941
2025-06-16,1.174,1.179,1.181,1.173,10170729,1197198994.3,0.68,0.86,0.01,4.53,159941
2025-06-17,1.184,1.184,1.187,1.181,9068743,1073746875.4,0.51,0.42,0.005,4.04,159941
2025-06-18,1.181,1.18,1.183,1.179,6387093,753971491.2,0.34,-0.34,-0.004,2.84,159941
2025-06-19,1.173,1.173,1.177,1.171,6092489,715242916.5,0.51,-0.59,-0.007,2.71,159941
2025-06-20,1.174,1.175,1.178,1.172,5967157,701177628.0,0.51,0.17,0.002,2.66,159941
2025-06-23,1.166,1.171,1.173,1.165,6307473,737480197.6,0.68,-0.34,-0.004,2.81,159941
2025-06-24,1.193,1.2,1.201,1.191,10711199,1279503360.592,0.85,2.48,0.029,4.77,159941
2025-06-25,1.2,1.202,1.203,1.199,5324055,639493947.549,0.33,0.17,0.002,2.37,159941
2025-06-26,1.204,1.205,1.207,1.201,7497301,902625752.181,0.5,0.25,0.003,3.34,159941
2025-06-27,1.213,1.218,1.22,1.212,9211703,1120207421.0,0.66,1.08,0.013,4.1,159941
2025-06-30,1.224,1.226,1.228,1.223,6833508,837653713.752,0.41,0.66,0.008,3.04,159941
2025-07-01,1.228,1.22,1.228,1.22,6789411,831088901.5,0.65,-0.49,-0.006,3.02,159941
2025-07-02,1.215,1.22,1.222,1.213,8196907,998114357.8,0.74,0.0,0.0,3.65,159941
2025-07-03,1.225,1.223,1.227,1.222,6657754,814963977.6,0.41,0.25,0.003,2.97,159941
2025-07-04,1.234,1.23,1.234,1.23,7101262,874724422.9,0.33,0.57,0.007,3.16,159941
2025-07-07,1.228,1.229,1.232,1.228,5240284,644171314.6,0.33,-0.08,-0.001,2.33,159941
2025-07-08,1.229,1.23,1.23,1.226,6901995,847847875.6,0.33,0.08,0.001,3.07,159941
2025-07-09,1.228,1.224,1.229,1.222,6273486,768596900.7,0.57,-0.49,-0.006,2.79,159941
2025-07-10,1.23,1.231,1.232,1.229,6224959,766328567.6,0.25,0.57,0.007,2.77,159941
2025-07-11,1.227,1.228,1.229,1.226,7955914,976447391.315,0.24,-0.24,-0.003,3.54,159941
2025-07-14,1.222,1.22,1.223,1.219,5165106,630616159.2,0.33,-0.65,-0.008,2.3,159941
2025-07-15,1.229,1.239,1.24,1.228,11900226,1470183139.8,0.98,1.56,0.019,5.3,159941
2025-07-16,1.233,1.231,1.234,1.23,6440320,793650744.6,0.32,-0.65,-0.008,2.87,159941
2025-07-17,1.236,1.241,1.242,1.233,6650002,822653082.2,0.73,0.81,0.01,2.96,159941
2025-07-18,1.247,1.249,1.251,1.246,6643893,829567114.4,0.4,0.64,0.008,2.96,159941
2025-07-21,1.249,1.248,1.25,1.247,5535621,690922950.9,0.24,-0.08,-0.001,2.47,159941
2025-07-22,1.251,1.249,1.253,1.247,5364386,670421404.45,0.48,0.08,0.001,2.39,159941
2025-07-23,1.244,1.247,1.247,1.243,5672708,706188613.396,0.32,-0.16,-0.002,2.53,159941
2025-07-24,1.252,1.248,1.253,1.247,5314599,664288966.8,0.48,0.08,0.001,2.37,159941
2025-07-25,1.252,1.25,1.253,1.25,4510717,564415959.176,0.24,0.16,0.002,2.01,159941
2025-07-28,1.258,1.263,1.265,1.258,7266810,916612336.952,0.56,1.04,0.013,3.24,159941
2025-07-29,1.263,1.263,1.264,1.26,5212663,657862807.49,0.32,0.0,0.0,2.32,159941
2025-07-30,1.259,1.259,1.261,1.258,3627641,456981513.048,0.24,-0.32,-0.004,1.62,159941
2025-07-31,1.277,1.279,1.28,1.276,9614573,1228478219.4,0.32,1.59,0.02,4.28,159941
2025-08-01,1.255,1.255,1.259,1.254,8588298,1079315604.1,0.39,-1.88,-0.024,3.83,159941
2025-08-04,1.235,1.237,1.238,1.233,7652255,945400019.625,0.4,-1.43,-0.018,3.41,159941
2025-08-05,1.256,1.26,1.26,1.254,6027251,757464980.7,0.49,1.86,0.023,2.68,159941
2025-08-06,1.244,1.253,1.255,1.243,7210197,900851732.052,0.95,-0.56,-0.007,3.21,159941
2025-08-07,1.267,1.263,1.268,1.261,7380031,933261513.8,0.56,0.8,0.01,3.29,159941
2025-08-08,1.268,1.267,1.269,1.265,4463143,565484975.675,0.32,0.32,0.004,1.99,159941
2025-08-11,1.278,1.283,1.283,1.278,6502719,832542619.505,0.39,1.26,0.016,2.9,159941
2025-08-12,1.278,1.279,1.28,1.275,6877448,878949420.764,0.39,-0.31,-0.004,3.06,159941
2025-08-13,1.293,1.293,1.295,1.288,9484180,1224942891.4,0.55,1.09,0.014,4.22,159941
2025-08-14,1.29,1.29,1.291,1.288,4198642,541447247.02,0.23,-0.23,-0.003,1.87,159941
2025-08-15,1.291,1.294,1.294,1.289,5286777,682544055.3,0.39,0.31,0.004,2.35,159941
2025-08-18,1.289,1.283,1.291,1.281,8723911,1122331576.462,0.77,-0.85,-0.011,3.89,159941
2025-08-19,1.283,1.28,1.283,1.277,5807182,743367137.819,0.47,-0.23,-0.003,2.59,159941
2025-08-20,1.26,1.264,1.264,1.258,8535628,1075877876.22,0.47,-1.25,-0.016,3.8,159941
2025-08-21,1.259,1.268,1.268,1.257,12102115,1529424623.431,0.87,0.32,0.004,5.39,159941
2025-08-22,1.261,1.256,1.265,1.256,8529045,1074887655.1,0.71,-0.95,-0.012,3.8,159941
2025-08-25,1.274,1.276,1.277,1.273,10270330,1309360007.199,0.32,1.59,0.02,4.57,159941
2025-08-26,1.271,1.268,1.272,1.268,5186373,658299316.1,0.31,-0.63,-0.008,2.31,159941
2025-08-27,1.276,1.281,1.281,1.274,5369598,685656617.306,0.55,1.03,0.013,2.39,159941
2025-08-28,1.274,1.271,1.277,1.269,8053071,1024676995.6,0.62,-0.78,-0.01,3.59,159941
2025-08-29,1.276,1.271,1.277,1.271,6837619,870387896.4,0.47,0.0,0.0,3.05,159941
2025-09-01,1.262,1.257,1.263,1.252,8980016,1128196280.1,0.87,-1.1,-0.014,4.0,159941
2025-09-02,1.259,1.258,1.259,1.255,6383274,802264432.225,0.32,0.08,0.001,2.84,159941
2025-09-03,1.251,1.256,1.258,1.25,6335128,794311093.75,0.64,-0.16,-0.002,2.82,159941
2025-09-04,1.264,1.263,1.267,1.262,8702823,1100481736.8,0.4,0.56,0.007,3.88,159941
2025-09-05,1.276,1.278,1.278,1.274,6680798,852686091.3,0.32,1.19,0.015,2.98,159941
2025-09-08,1.276,1.272,1.277,1.272,6079806,774267122.6,0.39,-0.47,-0.006,2.71,159941
2025-09-09,1.275,1.277,1.277,1.273,5615699,716023957.9,0.31,0.39,0.005,2.5,159941
2025-09-10,1.279,1.283,1.284,1.279,7215027,924170205.0,0.39,0.47,0.006,3.21,159941
2025-09-11,1.281,1.282,1.282,1.277,5431968,695236501.2,0.39,-0.08,-0.001,2.42,159941
2025-09-12,1.287,1.286,1.287,1.284,4164716,535487481.49,0.23,0.31,0.004,1.86,159941
2025-09-15,1.291,1.293,1.295,1.29,6480651,837301431.4,0.39,0.54,0.007,2.89,159941
2025-09-16,1.301,1.303,1.304,1.301,5850065,761796671.897,0.23,0.77,0.01,2.61,159941
2025-09-17,1.299,1.298,1.3,1.294,8973691,1163262392.954,0.46,-0.38,-0.005,4.0,159941
2025-09-18,1.301,1.307,1.307,1.3,10387673,1355097803.7,0.54,0.69,0.009,4.63,159941
2025-09-19,1.311,1.31,1.316,1.31,8998368,1181723970.8,0.46,0.23,0.003,4.01,159941
2025-09-22,1.32,1.323,1.324,1.318,6847417,905225881.8,0.46,0.99,0.013,3.05,159941
2025-09-23,1.333,1.342,1.345,1.332,13466874,1801148370.081,0.98,1.44,0.019,6.0,159941
2025-09-24,1.329,1.329,1.33,1.324,11565374,1535410045.968,0.45,-0.97,-0.013,5.15,159941
2025-09-25,1.325,1.324,1.328,1.323,4932460,653608868.3,0.38,-0.38,-0.005,2.2,159941
2025-09-26,1.319,1.32,1.324,1.315,7144545,942490431.8,0.68,-0.3,-0.004,3.18,159941
2025-09-29,1.328,1.34,1.34,1.328,6853872,912361469.496,0.91,1.52,0.02,3.05,159941
2025-09-30,1.337,1.339,1.344,1.336,10239471,1371983372.32,0.6,-0.07,-0.001,4.56,159941
2025-10-09,1.367,1.363,1.367,1.357,10202686,1389719746.5,0.75,1.79,0.024,4.54,159941
2025-10-10,1.364,1.366,1.373,1.36,11468359,1566942837.5,0.95,0.22,0.003,5.11,159941
2025-10-13,1.334,1.347,1.353,1.333,18038388,2414862520.176,1.46,-1.39,-0.019,8.03,159941
2025-10-14,1.362,1.331,1.364,1.331,14588610,1964034300.2,2.45,-1.19,-0.016,6.5,159941
2025-10-15,1.338,1.353,1.354,1.336,11372646,1530230828.71,1.35,1.65,0.022,5.07,159941
2025-10-16,1.349,1.363,1.365,1.347,7357019,996049352.714,1.33,0.74,0.01,3.28,159941
2025-10-17,1.354,1.329,1.357,1.329,14775792,1983591274.5,2.05,-2.49,-0.034,6.58,159941
2025-10-20,1.355,1.369,1.372,1.354,13418800,1826383667.97,1.35,3.01,0.04,5.98,159941
2025-10-21,1.39,1.39,1.392,1.377,10761590,1491577939.809,1.1,1.53,0.021,4.79,159941
2025-10-22,1.385,1.41,1.422,1.381,21326064,2998666690.591,2.95,1.44,0.02,9.5,159941
2025-10-23,1.401,1.41,1.413,1.392,9782251,1373396524.83,1.49,0.0,0.0,4.36,159941
2025-10-24,1.435,1.43,1.436,1.42,9429018,1344396460.181,1.13,1.42,0.02,4.2,159941
2025-10-27,1.446,1.458,1.462,1.445,13763391,2000717896.82,1.19,1.96,0.028,6.13,159941
2025-10-28,1.469,1.456,1.483,1.433,18874815,2754360736.364,3.43,-0.14,-0.002,8.41,159941
2025-10-29,1.473,1.481,1.484,1.461,10899772,1604974451.471,1.58,1.72,0.025,4.85,159941
2025-10-30,1.477,1.462,1.486,1.461,14895661,2196497515.033,1.69,-1.28,-0.019,6.63,159941
2025-10-31,1.465,1.458,1.474,1.453,10977650,1604341940.588,1.44,-0.27,-0.004,4.89,159941
2025-11-03,1.463,1.456,1.464,1.452,8492035,1238578933.029,0.82,-0.14,-0.002,3.78,159941
2025-11-04,1.455,1.436,1.456,1.425,10716138,1540776571.478,2.13,-1.37,-0.02,4.77,159941
2025-11-05,1.4,1.425,1.428,1.392,16580660,2339733018.506,2.51,-0.77,-0.011,7.39,159941
2025-11-06,1.431,1.451,1.453,1.428,10374326,1497388077.569,1.75,1.82,0.026,4.62,159941
2025-11-07,1.427,1.435,1.444,1.422,11335462,1625561831.5,1.52,-1.1,-0.016,5.05,159941
2025-11-10,1.449,1.462,1.463,1.447,10742206,1559805914.848,1.11,1.88,0.027,4.78,159941
2025-11-11,1.478,1.467,1.482,1.461,9508919,1399584786.903,1.44,0.34,0.005,4.24,159941
2025-11-12,1.472,1.472,1.476,1.467,8621083,1268673636.861,0.61,0.34,0.005,3.84,159941
2025-11-13,1.468,1.467,1.469,1.463,6623378,971420944.361,0.41,-0.34,-0.005,2.95,159941
2025-11-14,1.437,1.427,1.445,1.425,12359564,1775516308.997,1.36,-2.73,-0.04,5.51,159941
2025-11-17,1.442,1.428,1.447,1.412,10837242,1558377024.422,2.45,0.07,0.001,4.83,159941
2025-11-18,1.406,1.381,1.413,1.379,14726501,2052478962.4,2.38,-3.29,-0.047,6.56,159941
2025-11-19,1.376,1.376,1.392,1.374,12393767,1713046667.106,1.3,-0.36,-0.005,5.52,159941
2025-11-20,1.41,1.427,1.428,1.408,13441390,1904630859.414,1.45,3.71,0.051,5.99,159941
2025-11-21,1.37,1.383,1.387,1.368,12734430,1757112351.823,1.33,-3.08,-0.044,5.67,159941
2025-11-24,1.398,1.394,1.402,1.386,6625555,924047281.9,1.16,0.8,0.011,2.95,159941
2025-11-25,1.429,1.422,1.429,1.419,8144577,1159794280.0,0.72,2.01,0.028,3.63,159941
2025-11-26,1.433,1.443,1.446,1.432,8638794,1242234882.743,0.98,1.48,0.021,3.85,159941
2025-11-27,1.453,1.437,1.454,1.437,6090771,880539340.229,1.18,-0.42,-0.006,2.71,159941
2025-11-28,1.445,1.452,1.454,1.44,5433523,785924955.716,0.97,1.04,0.015,2.42,159941
2025-12-01,1.443,1.439,1.449,1.436,9993730,1441268964.934,0.9,-0.9,-0.013,4.45,159941
2025-12-02,1.448,1.44,1.449,1.436,7855435,1131855501.3,0.9,0.07,0.001,3.5,159941
2025-12-03,1.45,1.458,1.463,1.449,10294062,1499907176.658,0.97,1.25,0.018,4.59,159941
2025-12-04,1.457,1.458,1.461,1.454,5135499,748293217.962,0.48,0.0,0.0,2.29,159941
2025-12-05,1.461,1.459,1.461,1.456,4886552,712841204.64,0.34,0.07,0.001,2.18,159941
2025-12-08,1.46,1.453,1.461,1.45,6449979,938372680.58,0.75,-0.41,-0.006,2.87,159941
2025-12-09,1.448,1.432,1.449,1.431,7438499,1068040055.284,1.24,-1.45,-0.021,3.31,159941
2025-12-10,1.431,1.44,1.446,1.427,7905564,1136494248.944,1.33,0.56,0.008,3.52,159941
2025-12-11,1.438,1.428,1.445,1.423,7874478,1128364107.506,1.53,-0.83,-0.012,3.51,159941
2025-12-12,1.437,1.431,1.438,1.429,5357023,767681160.794,0.63,0.21,0.003,2.39,159941
2025-12-15,1.411,1.414,1.419,1.409,6936717,980993288.479,0.7,-1.19,-0.017,3.09,159941
2025-12-16,1.404,1.394,1.407,1.388,6714223,936955218.2,1.34,-1.41,-0.02,2.99,159941
2025-12-17,1.403,1.407,1.412,1.4,8608421,1210441974.818,0.86,0.93,0.013,3.83,159941
2025-12-18,1.388,1.395,1.395,1.386,5410104,752637186.5,0.64,-0.85,-0.012,2.41,159941
2025-12-19,1.41,1.414,1.416,1.407,6006388,847712218.545,0.65,1.36,0.019,2.68,159941
2025-12-22,1.438,1.441,1.441,1.436,5465234,786454281.998,0.35,1.91,0.027,2.43,159941
2025-12-23,1.441,1.435,1.442,1.434,4984141,716156881.252,0.56,-0.42,-0.006,2.22,159941
2025-12-24,1.44,1.432,1.441,1.431,3187574,457551214.999,0.7,-0.21,-0.003,1.42,159941
2025-12-25,1.432,1.426,1.432,1.424,4814571,687041763.8,0.56,-0.42,-0.006,2.14,159941
2025-12-26,1.429,1.424,1.431,1.424,3786050,540685178.158,0.49,-0.14,-0.002,1.69,159941
2025-12-29,1.42,1.416,1.42,1.41,4366590,616983831.9,0.7,-0.56,-0.008,1.94,159941
2025-12-30,1.409,1.42,1.42,1.404,4577894,645200310.311,1.13,0.28,0.004,2.04,159941
2025-12-31,1.412,1.413,1.415,1.408,4172327,588734629.16,0.49,-0.49,-0.007,1.86,159941
2026-01-05,1.416,1.43,1.431,1.416,7080570,1009513000.357,1.06,1.2,0.017,3.15,159941
2026-01-06,1.428,1.43,1.432,1.423,5720661,816795631.028,0.63,0.0,0.0,2.55,159941
2026-01-07,1.435,1.427,1.435,1.426,4439971,634400685.237,0.63,-0.21,-0.003,1.98,159941
2026-01-08,1.425,1.422,1.427,1.418,3274869,465726763.5,0.63,-0.35,-0.005,1.46,159941
2026-01-09,1.417,1.418,1.422,1.413,5266020,746347880.118,0.63,-0.28,-0.004,2.35,159941
2026-01-12,1.417,1.412,1.419,1.411,5470497,774137683.192,0.56,-0.42,-0.006,2.44,159941
2026-01-13,1.413,1.421,1.425,1.405,9070467,1281885958.725,1.42,0.64,0.009,4.04,159941
2026-01-14,1.417,1.413,1.418,1.41,5327281,752520930.02,0.56,-0.56,-0.008,2.37,159941
2026-01-15,1.402,1.413,1.415,1.4,6760505,951811848.365,1.06,0.0,0.0,3.01,159941
2026-01-16,1.413,1.41,1.417,1.402,6103726,859869087.2,1.06,-0.21,-0.003,2.72,159941
2026-01-19,1.392,1.395,1.401,1.391,5219408,728979896.13,0.71,-1.06,-0.015,2.32,159941
2026-01-20,1.396,1.386,1.399,1.384,3976705,553456636.8,1.08,-0.65,-0.009,1.77,159941
2026-01-21,1.379,1.381,1.386,1.374,4456777,615388400.236,0.87,-0.36,-0.005,1.99,159941
2026-01-22,1.395,1.409,1.41,1.394,6988046,981161400.496,1.16,2.03,0.028,3.11,159941
2026-01-23,1.413,1.401,1.415,1.397,6775860,952398858.932,1.28,-0.57,-0.008,3.02,159941
2026-01-26,1.397,1.387,1.398,1.386,5350878,744911373.123,0.86,-1.0,-0.014,2.38,159941
2026-01-27,1.397,1.403,1.407,1.394,6664636,933941354.149,0.94,1.15,0.016,2.97,159941
2026-01-28,1.412,1.418,1.418,1.41,7358160,1041022320.067,0.57,1.07,0.015,3.28,159941
2026-01-29,1.407,1.409,1.411,1.404,4131718,581530749.599,0.49,-0.63,-0.009,1.84,159941
2026-01-30,1.396,1.396,1.404,1.394,5217229,729678732.049,0.71,-0.92,-0.013,2.32,159941
2026-02-02,1.388,1.359,1.392,1.357,9253174,1270741492.202,2.51,-2.65,-0.037,4.12,159941
2026-02-03,1.389,1.388,1.392,1.376,9185883,1272704522.39,1.18,2.13,0.029,4.09,159941
2026-02-04,1.365,1.379,1.379,1.362,6756794,924420934.19,1.22,-0.65,-0.009,3.01,159941
2026-02-05,1.364,1.367,1.369,1.359,5806432,791922442.5,0.73,-0.87,-0.012,2.59,159941
2026-02-06,1.341,1.344,1.346,1.338,9217175,1237365054.3,0.59,-1.68,-0.023,4.11,159941
2026-02-09,1.369,1.371,1.374,1.366,7286322,997765730.883,0.6,2.01,0.027,3.25,159941
2026-02-10,1.376,1.374,1.376,1.37,3990607,548145100.1,0.44,0.22,0.003,1.78,159941
2026-02-11,1.371,1.37,1.373,1.368,3757787,514854970.88,0.36,-0.29,-0.004,1.67,159941
2026-02-12,1.368,1.369,1.374,1.366,4235743,580199394.204,0.58,-0.07,-0.001,1.89,159941
2026-02-13,1.35,1.363,1.363,1.347,5237365,709299573.672,1.17,-0.44,-0.006,2.33,159941
2026-02-24,1.354,1.352,1.356,1.345,4951986,668444087.2,0.81,-0.81,-0.011,2.21,159941
2026-02-25,1.36,1.353,1.362,1.352,3726699,505858571.814,0.74,0.07,0.001,1.66,159941
2026-02-26,1.362,1.361,1.366,1.359,4658879,634371669.416,0.52,0.59,0.008,2.08,159941
2026-02-27,1.35,1.35,1.352,1.347,3275610,442124036.516,0.37,-0.81,-0.011,1.46,159941
2026-03-02,1.341,1.337,1.345,1.336,4397290,589341487.763,0.67,-0.96,-0.013,1.96,159941
2026-03-03,1.345,1.332,1.345,1.33,4418292,590554888.513,1.12,-0.37,-0.005,1.97,159941
2026-03-04,1.325,1.311,1.329,1.31,6292799,830571383.2,1.43,-1.58,-0.021,2.8,159941
2026-03-05,1.335,1.343,1.344,1.332,6336167,847779675.251,0.92,2.44,0.032,2.82,159941
2026-03-06,1.338,1.342,1.347,1.334,4286028,574273348.282,0.97,-0.07,-0.001,1.91,159941
2026-03-09,1.301,1.31,1.317,1.3,8268158,1080053098.056,1.27,-2.38,-0.032,3.68,159941
2026-03-10,1.335,1.332,1.337,1.33,6844871,912727059.736,0.53,1.68,0.022,3.05,159941
2026-03-11,1.335,1.335,1.34,1.333,3640538,486601069.716,0.53,0.23,0.003,1.62,159941
2026-03-12,1.329,1.327,1.332,1.326,4225987,561503044.61,0.45,-0.6,-0.008,1.88,159941
2026-03-13,1.319,1.315,1.32,1.314,3360648,442651446.367,0.45,-0.9,-0.012,1.5,159941
2026-03-16,1.313,1.324,1.325,1.31,5179099,681727202.222,1.14,0.68,0.009,2.31,159941
2026-03-17,1.325,1.316,1.329,1.316,4988481,660747832.4,0.98,-0.6,-0.008,2.22,159941
2026-03-18,1.328,1.333,1.338,1.326,6893548,918497175.922,0.91,1.29,0.017,3.07,159941
2026-03-19,1.317,1.309,1.319,1.307,6128226,804858359.956,0.9,-1.8,-0.024,2.73,159941
2026-03-20,1.312,1.3,1.314,1.296,3586960,468851884.5,1.38,-0.69,-0.009,1.6,159941
2026-03-23,1.28,1.257,1.28,1.245,10427885,1316925797.738,2.69,-3.31,-0.043,4.64,159941
2026-03-24,1.272,1.281,1.284,1.261,10915314,1386048556.808,1.83,1.91,0.024,4.86,159941
2026-03-25,1.288,1.292,1.294,1.285,8755754,1129268603.955,0.7,0.86,0.011,3.9,159941
2026-03-26,1.29,1.281,1.293,1.278,4547344,584562798.36,1.16,-0.85,-0.011,2.03,159941
2026-03-27,1.26,1.276,1.28,1.258,6121872,777521690.31,1.72,-0.39,-0.005,2.73,159941
2026-03-30,1.251,1.254,1.257,1.244,9949305,1244369884.222,1.02,-1.72,-0.022,4.43,159941
2026-03-31,1.25,1.251,1.261,1.246,7553150,946468743.352,1.2,-0.24,-0.003,3.36,159941
2026-04-01,1.284,1.303,1.307,1.282,9602907,1239401455.048,2.0,4.16,0.052,4.28,159941
2026-04-02,1.293,1.284,1.295,1.278,6326860,812901940.818,1.3,-1.46,-0.019,2.82,159941
2026-04-03,1.298,1.284,1.3,1.283,4328454,558079000.951,1.32,0.0,0.0,1.93,159941
2026-04-07,1.288,1.284,1.29,1.283,4127745,530993647.095,0.55,0.0,0.0,1.84,159941
2026-04-08,1.325,1.35,1.353,1.324,12860006,1720283656.124,2.26,5.14,0.066,5.73,159941
2026-04-09,1.33,1.336,1.345,1.328,9382542,1253102066.234,1.26,-1.04,-0.014,4.18,159941
2026-04-10,1.347,1.347,1.358,1.341,6242828,843191102.401,1.27,0.82,0.011,2.78,159941
2026-04-13,1.339,1.338,1.341,1.333,6763535,904264746.5,0.59,-0.67,-0.009,3.01,159941
2026-04-14,1.361,1.359,1.363,1.356,5855827,795998939.012,0.52,1.57,0.021,2.61,159941
2026-04-15,1.386,1.383,1.39,1.378,8240360,1140522733.625,0.88,1.77,0.024,3.67,159941
2026-04-16,1.405,1.412,1.414,1.405,8212691,1157109349.91,0.65,2.1,0.029,3.66,159941
2026-04-17,1.408,1.404,1.409,1.4,5683671,798182475.924,0.64,-0.57,-0.008,2.53,159941
2026-04-20,1.412,1.404,1.413,1.403,5390905,758890275.997,0.71,0.0,0.0,2.4,159941
2026-04-21,1.407,1.4,1.41,1.387,8733304,1222634222.4,1.64,-0.28,-0.004,3.89,159941
2026-04-22,1.4,1.407,1.408,1.396,8612338,1207397422.026,0.86,0.5,0.007,3.84,159941
2026-04-23,1.416,1.417,1.42,1.409,10147440,1435549570.652,0.78,0.71,0.01,4.52,159941
2026-04-24,1.418,1.418,1.42,1.415,5571895,789569832.603,0.35,0.07,0.001,2.48,159941
2026-04-27,1.432,1.45,1.455,1.432,12650935,1825509806.293,1.62,2.26,0.032,5.63,159941
2026-04-28,1.45,1.457,1.462,1.449,9852913,1435560857.729,0.9,0.48,0.007,4.39,159941
2026-04-29,1.45,1.452,1.457,1.447,6844347,993568574.92,0.69,-0.34,-0.005,3.05,159941
2026-04-30,1.461,1.456,1.47,1.451,7510552,1096660814.8,1.31,0.28,0.004,3.35,159941
2026-05-06,1.502,1.496,1.502,1.49,10720571,1603072154.075,0.82,2.75,0.04,4.78,159941
2026-05-07,1.513,1.537,1.54,1.512,12782409,1952711893.826,1.87,2.74,0.041,5.69,159941
2026-05-08,1.532,1.54,1.545,1.523,9421784,1443206828.808,1.43,0.2,0.003,4.2,159941
2026-05-11,1.568,1.577,1.577,1.565,7304850,1148581948.001,0.78,2.4,0.037,3.25,159941
2026-05-12,1.57,1.558,1.57,1.556,7012460,1097341198.358,0.89,-1.2,-0.019,3.12,159941
2026-05-13,1.55,1.571,1.572,1.549,8981035,1400016909.122,1.48,0.83,0.013,4.0,159941
2026-05-14,1.589,1.577,1.591,1.568,8824488,1392375516.867,1.46,0.38,0.006,3.93,159941
2026-05-15,1.577,1.564,1.584,1.554,14157840,2223669950.085,1.9,-0.82,-0.013,6.31,159941
2026-05-18,1.541,1.524,1.546,1.519,18823051,2887101489.711,1.73,-2.56,-0.04,8.38,159941
2026-05-19,1.52,1.52,1.527,1.508,11688741,1772413119.626,1.25,-0.26,-0.004,5.21,159941
2026-05-20,1.512,1.533,1.535,1.503,11999986,1817694105.434,2.11,0.86,0.013,5.34,159941
2026-05-21,1.553,1.561,1.572,1.548,13712545,2140888363.023,1.57,1.83,0.028,6.11,159941
2026-05-22,1.576,1.584,1.591,1.571,8135265,1286119436.596,1.28,1.47,0.023,3.62,159941
